SecurityName,DimensionsMask,StatName,AsOfDate,Vector
ccy://RMG/BMD,,AGGSVC_SIMRETURNS(1Y VS)_MONTECARLO,2024-09-02,"doubleVector[1000]{0.0, ...}"
ccy://RMG/NEAUSD,,AGGSVC_SIMRETURNS(1Y VS)_MONTECARLO,2024-09-02,"doubleVector[1000]{0.0, ...}"
ccy://RMG/FRF,,AGGSVC_SIMRETURNS(1Y VS)_MONTECARLO,2024-09-02,"doubleVector[1000]{7.06253970566E-4, ...}"
ccy://RMG/CLF,,AGGSVC_SIMRETURNS(1Y VS)_MONTECARLO,2024-09-02,"doubleVector[1000]{0.309157159973, ...}"
ccy://RMG/XAUSHA95,,AGGSVC_SIMRETURNS(1Y VS)_MONTECARLO,2024-09-02,"doubleVector[1000]{0.745078324535, ...}"
ccy://RMG/IDR,,AGGSVC_SIMRETURNS(1Y VS)_MONTECARLO,2024-09-02,"doubleVector[1000]{1.50592960674E-7, ...}"
ccy://RMG/AOA,,AGGSVC_SIMRETURNS(1Y VS)_MONTECARLO,2024-09-02,"doubleVector[1000]{-3.00033168155E-6, ...}"
ccy://RMG/AWG,,AGGSVC_SIMRETURNS(1Y VS)_MONTECARLO,2024-09-02,"doubleVector[1000]{0.0, ...}"
ccy://RMG/UYU,,AGGSVC_SIMRETURNS(1Y VS)_MONTECARLO,2024-09-02,"doubleVector[1000]{4.8611282965E-5, ...}"
ccy://RMG/SRD,,AGGSVC_SIMRETURNS(1Y VS)_MONTECARLO,2024-09-02,"doubleVector[1000]{-5.18927786037E-5, ...}"
ccy://RMG/CN1,,AGGSVC_SIMRETURNS(1Y VS)_MONTECARLO,2024-09-02,"doubleVector[1000]{6.2463162136E-5, ...}"
(102457:2583)-332,,AGGSVC_SIMRETURNS(1Y VS)_MONTECARLO,2024-09-02,"doubleVector[1000]{0.0, ...}"
(102457:2583)-334,,AGGSVC_SIMRETURNS(1Y VS)_MONTECARLO,2024-09-02,"doubleVector[1000]{0.0, ...}"
ccy://RMG/ISK,,AGGSVC_SIMRETURNS(1Y VS)_MONTECARLO,2024-09-02,"doubleVector[1000]{2.3236189558E-5, ...}"
ccy://RMG/MXN,,AGGSVC_SIMRETURNS(1Y VS)_MONTECARLO,2024-09-02,"doubleVector[1000]{0.00105199368783, ...}"
ccy://RMG/OMR,,AGGSVC_SIMRETURNS(1Y VS)_MONTECARLO,2024-09-02,"doubleVector[1000]{2.18568630048E-4, ...}"
ccy://RMG/LTL,,AGGSVC_SIMRETURNS(1Y VS)_MONTECARLO,2024-09-02,"doubleVector[1000]{0.00134401350163, ...}"
ccy://RMG/XWNUSD,,AGGSVC_SIMRETURNS(1Y VS)_MONTECARLO,2024-09-02,"doubleVector[1000]{0.0, ...}"
ccy://RMG/CAD9,,AGGSVC_SIMRETURNS(1Y VS)_MONTECARLO,2024-09-02,"doubleVector[1000]{0.0, ...}"
ccy://RMG/CDF,,AGGSVC_SIMRETURNS(1Y VS)_MONTECARLO,2024-09-02,"doubleVector[1000]{4.79793625038E-6, ...}"
ccy://RMG/PKR,,AGGSVC_SIMRETURNS(1Y VS)_MONTECARLO,2024-09-02,"doubleVector[1000]{1.12471473238E-6, ...}"
ccy://RMG/DZD,,AGGSVC_SIMRETURNS(1Y VS)_MONTECARLO,2024-09-02,"doubleVector[1000]{-1.68780123622E-6, ...}"
ccy://RMG/KMF,,AGGSVC_SIMRETURNS(1Y VS)_MONTECARLO,2024-09-02,"doubleVector[1000]{9.41677212603E-6, ...}"
ccy://RMG/CNY.BH,,AGGSVC_SIMRETURNS(1Y VS)_MONTECARLO,2024-09-02,"doubleVector[1000]{4.34523820481E-5, ...}"
(102457:2583)-304,,AGGSVC_SIMRETURNS(1Y VS)_MONTECARLO,2024-09-02,"doubleVector[1000]{-1.05770658171, ...}"
(102457:2583)-285,,AGGSVC_SIMRETURNS(1Y VS)_MONTECARLO,2024-09-02,"doubleVector[1000]{0.0719531555755, ...}"
ccy://RMG/WST,,AGGSVC_SIMRETURNS(1Y VS)_MONTECARLO,2024-09-02,"doubleVector[1000]{2.01445277724E-4, ...}"
ccy://RMG/XFWUSD,,AGGSVC_SIMRETURNS(1Y VS)_MONTECARLO,2024-09-02,"doubleVector[1000]{0.0, ...}"
ccy://RMG/INR9,,AGGSVC_SIMRETURNS(1Y VS)_MONTECARLO,2024-09-02,"doubleVector[1000]{0.0, ...}"
ccy://RMG/GNF,,AGGSVC_SIMRETURNS(1Y VS)_MONTECARLO,2024-09-02,"doubleVector[1000]{2.44033434355E-8, ...}"
ccy://RMG/JPY8,,AGGSVC_SIMRETURNS(1Y VS)_MONTECARLO,2024-09-02,"doubleVector[1000]{0.0, ...}"
ccy://RMG/XETUSD,,AGGSVC_SIMRETURNS(1Y VS)_MONTECARLO,2024-09-02,"doubleVector[1000]{0.0, ...}"
ccy://RMG/KZT,,AGGSVC_SIMRETURNS(1Y VS)_MONTECARLO,2024-09-02,"doubleVector[1000]{-7.55572890767E-6, ...}"
ccy://RMG/YFIUSD,,AGGSVC_SIMRETURNS(1Y VS)_MONTECARLO,2024-09-02,"doubleVector[1000]{0.0, ...}"
ccy://RMG/HKD8,,AGGSVC_SIMRETURNS(1Y VS)_MONTECARLO,2024-09-02,"doubleVector[1000]{0.0, ...}"
ccy://RMG/LAK,,AGGSVC_SIMRETURNS(1Y VS)_MONTECARLO,2024-09-02,"doubleVector[1000]{6.10190015275E-8, ...}"
ccy://RMG/OE1USD,,AGGSVC_SIMRETURNS(1Y VS)_MONTECARLO,2024-09-02,"doubleVector[1000]{0.0, ...}"
ccy://RMG/XOPUSD,,AGGSVC_SIMRETURNS(1Y VS)_MONTECARLO,2024-09-02,"doubleVector[1000]{0.0, ...}"
(102457:2583)-303,,AGGSVC_SIMRETURNS(1Y VS)_MONTECARLO,2024-09-02,"doubleVector[1000]{0.351750433879, ...}"
(102457:2583)-286,,AGGSVC_SIMRETURNS(1Y VS)_MONTECARLO,2024-09-02,"doubleVector[1000]{0.264259109153, ...}"
ccy://RMG/GBPL,,AGGSVC_SIMRETURNS(1Y VS)_MONTECARLO,2024-09-02,"doubleVector[1000]{0.0, ...}"
ccy://RMG/EUZ1,,AGGSVC_SIMRETURNS(1Y VS)_MONTECARLO,2024-09-02,"doubleVector[1000]{0.0, ...}"
ccy://RMG/HNL,,AGGSVC_SIMRETURNS(1Y VS)_MONTECARLO,2024-09-02,"doubleVector[1000]{1.33213830619E-6, ...}"
ccy://RMG/SGD,,AGGSVC_SIMRETURNS(1Y VS)_MONTECARLO,2024-09-02,"doubleVector[1000]{0.001591913681, ...}"
ccy://RMG/MGA,,AGGSVC_SIMRETURNS(1Y VS)_MONTECARLO,2024-09-02,"doubleVector[1000]{7.89527586417E-7, ...}"
ccy://RMG/CNY7,,AGGSVC_SIMRETURNS(1Y VS)_MONTECARLO,2024-09-02,"doubleVector[1000]{0.0, ...}"
ccy://RMG/BIF,,AGGSVC_SIMRETURNS(1Y VS)_MONTECARLO,2024-09-02,"doubleVector[1000]{-1.08479776132E-8, ...}"
ccy://RMG/PEN,,AGGSVC_SIMRETURNS(1Y VS)_MONTECARLO,2024-09-02,"doubleVector[1000]{9.01814679525E-4, ...}"
ccy://RMG/BOB,,AGGSVC_SIMRETURNS(1Y VS)_MONTECARLO,2024-09-02,"doubleVector[1000]{0.0, ...}"
ccy://RMG/DEM,,AGGSVC_SIMRETURNS(1Y VS)_MONTECARLO,2024-09-02,"doubleVector[1000]{0.00236867325675, ...}"
ccy://RMG/SYP,,AGGSVC_SIMRETURNS(1Y VS)_MONTECARLO,2024-09-02,"doubleVector[1000]{0.0, ...}"
ccy://RMG/XOUUSD,,AGGSVC_SIMRETURNS(1Y VS)_MONTECARLO,2024-09-02,"doubleVector[1000]{0.0, ...}"
(102457:2583)-292,,AGGSVC_SIMRETURNS(1Y VS)_MONTECARLO,2024-09-02,"doubleVector[1000]{0.13848142662, ...}"
(102457:2583)-281,,AGGSVC_SIMRETURNS(1Y VS)_MONTECARLO,2024-09-02,"doubleVector[1000]{0.082889342037, ...}"
ccy://RMG/ZMW,,AGGSVC_SIMRETURNS(1Y VS)_MONTECARLO,2024-09-02,"doubleVector[1000]{-3.9352835206E-4, ...}"
ccy://RMG/MXNF,,AGGSVC_SIMRETURNS(1Y VS)_MONTECARLO,2024-09-02,"doubleVector[1000]{0.0, ...}"
ccy://RMG/NIKKEI,,AGGSVC_SIMRETURNS(1Y VS)_MONTECARLO,2024-09-02,"doubleVector[1000]{0.0, ...}"
ccy://RMG/PHAUSD,,AGGSVC_SIMRETURNS(1Y VS)_MONTECARLO,2024-09-02,"doubleVector[1000]{0.0, ...}"
ccy://RMG/MNT,,AGGSVC_SIMRETURNS(1Y VS)_MONTECARLO,2024-09-02,"doubleVector[1000]{-3.65458302379E-8, ...}"
ccy://RMG/CHF,,AGGSVC_SIMRETURNS(1Y VS)_MONTECARLO,2024-09-02,"doubleVector[1000]{-0.00185760818803, ...}"
ccy://RMG/XPF,,AGGSVC_SIMRETURNS(1Y VS)_MONTECARLO,2024-09-02,"doubleVector[1000]{3.88190115198E-5, ...}"
ccy://RMG/HXRUSD,,AGGSVC_SIMRETURNS(1Y VS)_MONTECARLO,2024-09-02,"doubleVector[1000]{0.0, ...}"
ccy://RMG/UZS,,AGGSVC_SIMRETURNS(1Y VS)_MONTECARLO,2024-09-02,"doubleVector[1000]{1.08298444342E-8, ...}"
ccy://RMG/TTD,,AGGSVC_SIMRETURNS(1Y VS)_MONTECARLO,2024-09-02,"doubleVector[1000]{-1.07488483982E-4, ...}"
ccy://RMG/MKD,,AGGSVC_SIMRETURNS(1Y VS)_MONTECARLO,2024-09-02,"doubleVector[1000]{5.09333859011E-5, ...}"
ccy://RMG/AUD8,,AGGSVC_SIMRETURNS(1Y VS)_MONTECARLO,2024-09-02,"doubleVector[1000]{0.0, ...}"
(102457:2583)-326,,AGGSVC_SIMRETURNS(1Y VS)_MONTECARLO,2024-09-02,"doubleVector[1000]{0.0, ...}"
(102457:2583)-300,,AGGSVC_SIMRETURNS(1Y VS)_MONTECARLO,2024-09-02,"doubleVector[1000]{0.300990539699, ...}"
ccy://RMG/SLL,,AGGSVC_SIMRETURNS(1Y VS)_MONTECARLO,2024-09-02,"doubleVector[1000]{0.0, ...}"
ccy://RMG/QAR,,AGGSVC_SIMRETURNS(1Y VS)_MONTECARLO,2024-09-02,"doubleVector[1000]{2.69562772104E-9, ...}"
ccy://RMG/PLN,,AGGSVC_SIMRETURNS(1Y VS)_MONTECARLO,2024-09-02,"doubleVector[1000]{0.00143515973353, ...}"
ccy://RMG/ATS,,AGGSVC_SIMRETURNS(1Y VS)_MONTECARLO,2024-09-02,"doubleVector[1000]{3.36673053188E-4, ...}"
ccy://RMG/USCUSD,,AGGSVC_SIMRETURNS(1Y VS)_MONTECARLO,2024-09-02,"doubleVector[1000]{0.0, ...}"
ccy://RMG/BHD,,AGGSVC_SIMRETURNS(1Y VS)_MONTECARLO,2024-09-02,"doubleVector[1000]{2.82514577917E-4, ...}"
ccy://RMG/IDR.BH,,AGGSVC_SIMRETURNS(1Y VS)_MONTECARLO,2024-09-02,"doubleVector[1000]{-5.33313984399E-8, ...}"
ccy://RMG/DOP,,AGGSVC_SIMRETURNS(1Y VS)_MONTECARLO,2024-09-02,"doubleVector[1000]{-9.68825804901E-6, ...}"
ccy://RMG/JMD,,AGGSVC_SIMRETURNS(1Y VS)_MONTECARLO,2024-09-02,"doubleVector[1000]{1.5088493835E-6, ...}"
ccy://RMG/BRL,,AGGSVC_SIMRETURNS(1Y VS)_MONTECARLO,2024-09-02,"doubleVector[1000]{0.00151951456256, ...}"
ccy://RMG/CNM,,AGGSVC_SIMRETURNS(1Y VS)_MONTECARLO,2024-09-02,"doubleVector[1000]{-3.94224358327E-5, ...}"
ccy://RMG/LBP,,AGGSVC_SIMRETURNS(1Y VS)_MONTECARLO,2024-09-02,"doubleVector[1000]{1.97188293517E-8, ...}"
(102457:2583)-319,,AGGSVC_SIMRETURNS(1Y VS)_MONTECARLO,2024-09-02,"doubleVector[1000]{0.0113211826352, ...}"
(102457:2583)-315,,AGGSVC_SIMRETURNS(1Y VS)_MONTECARLO,2024-09-02,"doubleVector[1000]{0.370087359091, ...}"
ccy://RMG/SIT,,AGGSVC_SIMRETURNS(1Y VS)_MONTECARLO,2024-09-02,"doubleVector[1000]{1.93317929212E-5, ...}"
ccy://RMG/KWD,,AGGSVC_SIMRETURNS(1Y VS)_MONTECARLO,2024-09-02,"doubleVector[1000]{3.2885116092E-4, ...}"
ccy://RMG/ATOUSD,,AGGSVC_SIMRETURNS(1Y VS)_MONTECARLO,2024-09-02,"doubleVector[1000]{0.0, ...}"
ccy://RMG/USD,,AGGSVC_SIMRETURNS(1Y VS)_MONTECARLO,2024-09-02,"doubleVector[1000]{0.0, ...}"
ccy://RMG/BSD,,AGGSVC_SIMRETURNS(1Y VS)_MONTECARLO,2024-09-02,"doubleVector[1000]{0.0, ...}"
ccy://RMG/RON,,AGGSVC_SIMRETURNS(1Y VS)_MONTECARLO,2024-09-02,"doubleVector[1000]{9.13465091963E-4, ...}"
ccy://RMG/XDR,,AGGSVC_SIMRETURNS(1Y VS)_MONTECARLO,2024-09-02,"doubleVector[1000]{0.00209850337913, ...}"
ccy://RMG/JPY,,AGGSVC_SIMRETURNS(1Y VS)_MONTECARLO,2024-09-02,"doubleVector[1000]{-3.06521848965E-5, ...}"
ccy://RMG/LVL,,AGGSVC_SIMRETURNS(1Y VS)_MONTECARLO,2024-09-02,"doubleVector[1000]{0.00659158099639, ...}"
ccy://RMG/XSIUSD,,AGGSVC_SIMRETURNS(1Y VS)_MONTECARLO,2024-09-02,"doubleVector[1000]{0.0, ...}"
ccy://RMG/VND,,AGGSVC_SIMRETURNS(1Y VS)_MONTECARLO,2024-09-02,"doubleVector[1000]{-8.30053518053E-8, ...}"
ccy://RMG/NLG,,AGGSVC_SIMRETURNS(1Y VS)_MONTECARLO,2024-09-02,"doubleVector[1000]{0.00210223759269, ...}"
(102457:2583)-321,,AGGSVC_SIMRETURNS(1Y VS)_MONTECARLO,2024-09-02,"doubleVector[1000]{0.0790872368281, ...}"
(102457:2583)-308,,AGGSVC_SIMRETURNS(1Y VS)_MONTECARLO,2024-09-02,"doubleVector[1000]{0.514601991993, ...}"
ccy://RMG/CRC,,AGGSVC_SIMRETURNS(1Y VS)_MONTECARLO,2024-09-02,"doubleVector[1000]{3.56765762412E-6, ...}"
ccy://RMG/GMD,,AGGSVC_SIMRETURNS(1Y VS)_MONTECARLO,2024-09-02,"doubleVector[1000]{-6.70650447425E-5, ...}"
ccy://RMG/BBD,,AGGSVC_SIMRETURNS(1Y VS)_MONTECARLO,2024-09-02,"doubleVector[1000]{0.0, ...}"
ccy://RMG/ARS,,AGGSVC_SIMRETURNS(1Y VS)_MONTECARLO,2024-09-02,"doubleVector[1000]{2.54527004003E-6, ...}"
ccy://RMG/CNY8,,AGGSVC_SIMRETURNS(1Y VS)_MONTECARLO,2024-09-02,"doubleVector[1000]{0.0, ...}"
ccy://RMG/BDT,,AGGSVC_SIMRETURNS(1Y VS)_MONTECARLO,2024-09-02,"doubleVector[1000]{-4.74346655722E-5, ...}"
ccy://RMG/CNH,,AGGSVC_SIMRETURNS(1Y VS)_MONTECARLO,2024-09-02,"doubleVector[1000]{-3.78186278766E-5, ...}"
ccy://RMG/LUF,,AGGSVC_SIMRETURNS(1Y VS)_MONTECARLO,2024-09-02,"doubleVector[1000]{1.14842183908E-4, ...}"
ccy://RMG/XLKUSD,,AGGSVC_SIMRETURNS(1Y VS)_MONTECARLO,2024-09-02,"doubleVector[1000]{0.0, ...}"
ccy://RMG/XSSUSD,,AGGSVC_SIMRETURNS(1Y VS)_MONTECARLO,2024-09-02,"doubleVector[1000]{0.0, ...}"
ccy://RMG/PGK,,AGGSVC_SIMRETURNS(1Y VS)_MONTECARLO,2024-09-02,"doubleVector[1000]{6.95224012722E-5, ...}"
ccy://RMG/COU,,AGGSVC_SIMRETURNS(1Y VS)_MONTECARLO,2024-09-02,"doubleVector[1000]{7.81929686111E-5, ...}"
(102457:2583)-322,,AGGSVC_SIMRETURNS(1Y VS)_MONTECARLO,2024-09-02,"doubleVector[1000]{-0.346708377615, ...}"
(102457:2583)-305,,AGGSVC_SIMRETURNS(1Y VS)_MONTECARLO,2024-09-02,"doubleVector[1000]{1.63453980591, ...}"
ccy://RMG/VUV,,AGGSVC_SIMRETURNS(1Y VS)_MONTECARLO,2024-09-02,"doubleVector[1000]{-4.01852512547E-6, ...}"
ccy://RMG/XUSUSD,,AGGSVC_SIMRETURNS(1Y VS)_MONTECARLO,2024-09-02,"doubleVector[1000]{0.0, ...}"
ccy://RMG/ILS,,AGGSVC_SIMRETURNS(1Y VS)_MONTECARLO,2024-09-02,"doubleVector[1000]{2.67319360207E-4, ...}"
ccy://RMG/ALL,,AGGSVC_SIMRETURNS(1Y VS)_MONTECARLO,2024-09-02,"doubleVector[1000]{1.37370896496E-5, ...}"
ccy://RMG/BZD,,AGGSVC_SIMRETURNS(1Y VS)_MONTECARLO,2024-09-02,"doubleVector[1000]{0.0, ...}"
ccy://RMG/KRW,,AGGSVC_SIMRETURNS(1Y VS)_MONTECARLO,2024-09-02,"doubleVector[1000]{1.09523794174E-6, ...}"
ccy://RMG/PAB,,AGGSVC_SIMRETURNS(1Y VS)_MONTECARLO,2024-09-02,"doubleVector[1000]{0.0, ...}"
ccy://RMG/SRMUSD,,AGGSVC_SIMRETURNS(1Y VS)_MONTECARLO,2024-09-02,"doubleVector[1000]{0.0, ...}"
ccy://RMG/GTQ,,AGGSVC_SIMRETURNS(1Y VS)_MONTECARLO,2024-09-02,"doubleVector[1000]{-4.96882913439E-5, ...}"
ccy://RMG/HUF,,AGGSVC_SIMRETURNS(1Y VS)_MONTECARLO,2024-09-02,"doubleVector[1000]{4.43795382666E-6, ...}"
ccy://RMG/LRD,,AGGSVC_SIMRETURNS(1Y VS)_MONTECARLO,2024-09-02,"doubleVector[1000]{1.69081957295E-6, ...}"
ccy://RMG/TWD8,,AGGSVC_SIMRETURNS(1Y VS)_MONTECARLO,2024-09-02,"doubleVector[1000]{0.0, ...}"
(102457:2583)-314,,AGGSVC_SIMRETURNS(1Y VS)_MONTECARLO,2024-09-02,"doubleVector[1000]{0.524898280184, ...}"
(102457:2583)-296,,AGGSVC_SIMRETURNS(1Y VS)_MONTECARLO,2024-09-02,"doubleVector[1000]{-0.218693680698, ...}"
ccy://RMG/BTN,,AGGSVC_SIMRETURNS(1Y VS)_MONTECARLO,2024-09-02,"doubleVector[1000]{6.34104703568E-6, ...}"
ccy://RMG/SEK,,AGGSVC_SIMRETURNS(1Y VS)_MONTECARLO,2024-09-02,"doubleVector[1000]{8.40907653838E-4, ...}"
ccy://RMG/NZD8,,AGGSVC_SIMRETURNS(1Y VS)_MONTECARLO,2024-09-02,"doubleVector[1000]{0.0, ...}"
ccy://RMG/CNH7,,AGGSVC_SIMRETURNS(1Y VS)_MONTECARLO,2024-09-02,"doubleVector[1000]{0.0, ...}"
ccy://RMG/XARUSD,,AGGSVC_SIMRETURNS(1Y VS)_MONTECARLO,2024-09-02,"doubleVector[1000]{0.0, ...}"
ccy://RMG/EUR9,,AGGSVC_SIMRETURNS(1Y VS)_MONTECARLO,2024-09-02,"doubleVector[1000]{0.0, ...}"
ccy://RMG/ECS,,AGGSVC_SIMRETURNS(1Y VS)_MONTECARLO,2024-09-02,"doubleVector[1000]{0.0, ...}"
ccy://RMG/MOP,,AGGSVC_SIMRETURNS(1Y VS)_MONTECARLO,2024-09-02,"doubleVector[1000]{-1.57981730606E-4, ...}"
ccy://RMG/MAD,,AGGSVC_SIMRETURNS(1Y VS)_MONTECARLO,2024-09-02,"doubleVector[1000]{3.69330933486E-4, ...}"
ccy://RMG/XOF,,AGGSVC_SIMRETURNS(1Y VS)_MONTECARLO,2024-09-02,"doubleVector[1000]{7.06251501947E-6, ...}"
ccy://RMG/NGN,,AGGSVC_SIMRETURNS(1Y VS)_MONTECARLO,2024-09-02,"doubleVector[1000]{6.2093411497E-6, ...}"
ccy://RMG/HTG,,AGGSVC_SIMRETURNS(1Y VS)_MONTECARLO,2024-09-02,"doubleVector[1000]{-4.36418172292E-6, ...}"
(102457:2583)-307,,AGGSVC_SIMRETURNS(1Y VS)_MONTECARLO,2024-09-02,"doubleVector[1000]{-0.0245971831262, ...}"
(102457:2583)-289,,AGGSVC_SIMRETURNS(1Y VS)_MONTECARLO,2024-09-02,"doubleVector[1000]{1.5910364006, ...}"
ccy://RMG/MXV1,,AGGSVC_SIMRETURNS(1Y VS)_MONTECARLO,2024-09-02,"doubleVector[1000]{0.0, ...}"
ccy://RMG/AZN,,AGGSVC_SIMRETURNS(1Y VS)_MONTECARLO,2024-09-02,"doubleVector[1000]{1.12446736592E-4, ...}"
ccy://RMG/NPR,,AGGSVC_SIMRETURNS(1Y VS)_MONTECARLO,2024-09-02,"doubleVector[1000]{3.96326538289E-6, ...}"
ccy://RMG/MVR,,AGGSVC_SIMRETURNS(1Y VS)_MONTECARLO,2024-09-02,"doubleVector[1000]{-6.99434568295E-5, ...}"
ccy://RMG/TRY,,AGGSVC_SIMRETURNS(1Y VS)_MONTECARLO,2024-09-02,"doubleVector[1000]{-1.25368683172E-4, ...}"
ccy://RMG/SAR,,AGGSVC_SIMRETURNS(1Y VS)_MONTECARLO,2024-09-02,"doubleVector[1000]{2.06089430273E-5, ...}"
ccy://RMG/LSL,,AGGSVC_SIMRETURNS(1Y VS)_MONTECARLO,2024-09-02,"doubleVector[1000]{7.29657020919E-4, ...}"
ccy://RMG/LNAUSD,,AGGSVC_SIMRETURNS(1Y VS)_MONTECARLO,2024-09-02,"doubleVector[1000]{0.0, ...}"
ccy://RMG/FJD,,AGGSVC_SIMRETURNS(1Y VS)_MONTECARLO,2024-09-02,"doubleVector[1000]{-2.88016702831E-4, ...}"
ccy://RMG/CZK,,AGGSVC_SIMRETURNS(1Y VS)_MONTECARLO,2024-09-02,"doubleVector[1000]{2.19978027361E-4, ...}"
ccy://RMG/GHS,,AGGSVC_SIMRETURNS(1Y VS)_MONTECARLO,2024-09-02,"doubleVector[1000]{1.61771066065E-4, ...}"
(102457:2583)-313,,AGGSVC_SIMRETURNS(1Y VS)_MONTECARLO,2024-09-02,"doubleVector[1000]{0.495710595518, ...}"
(102457:2583)-302,,AGGSVC_SIMRETURNS(1Y VS)_MONTECARLO,2024-09-02,"doubleVector[1000]{0.409295191743, ...}"
(102457:2583)-291,,AGGSVC_SIMRETURNS(1Y VS)_MONTECARLO,2024-09-02,"doubleVector[1000]{-0.271298908561, ...}"
ccy://RMG/THO,,AGGSVC_SIMRETURNS(1Y VS)_MONTECARLO,2024-09-02,"doubleVector[1000]{3.62292886289E-5, ...}"
ccy://RMG/EGP,,AGGSVC_SIMRETURNS(1Y VS)_MONTECARLO,2024-09-02,"doubleVector[1000]{1.5877875158E-4, ...}"
ccy://RMG/XAU,,AGGSVC_SIMRETURNS(1Y VS)_MONTECARLO,2024-09-02,"doubleVector[1000]{39.4142789308, ...}"
ccy://RMG/DKK,,AGGSVC_SIMRETURNS(1Y VS)_MONTECARLO,2024-09-02,"doubleVector[1000]{6.00535495112E-4, ...}"
ccy://RMG/SKK,,AGGSVC_SIMRETURNS(1Y VS)_MONTECARLO,2024-09-02,"doubleVector[1000]{1.53850567962E-4, ...}"
ccy://RMG/TND,,AGGSVC_SIMRETURNS(1Y VS)_MONTECARLO,2024-09-02,"doubleVector[1000]{0.00129306356738, ...}"
ccy://RMG/MUR,,AGGSVC_SIMRETURNS(1Y VS)_MONTECARLO,2024-09-02,"doubleVector[1000]{-3.96707594595E-5, ...}"
ccy://RMG/OB1USD,,AGGSVC_SIMRETURNS(1Y VS)_MONTECARLO,2024-09-02,"doubleVector[1000]{0.0, ...}"
ccy://RMG/INR,,AGGSVC_SIMRETURNS(1Y VS)_MONTECARLO,2024-09-02,"doubleVector[1000]{6.34104703568E-6, ...}"
ccy://RMG/NAD,,AGGSVC_SIMRETURNS(1Y VS)_MONTECARLO,2024-09-02,"doubleVector[1000]{7.29657020919E-4, ...}"
ccy://RMG/SCR,,AGGSVC_SIMRETURNS(1Y VS)_MONTECARLO,2024-09-02,"doubleVector[1000]{5.34502378146E-4, ...}"
(102457:2583)-306,,AGGSVC_SIMRETURNS(1Y VS)_MONTECARLO,2024-09-02,"doubleVector[1000]{0.752638339769, ...}"
(102457:2583)-329,,AGGSVC_SIMRETURNS(1Y VS)_MONTECARLO,2024-09-02,"doubleVector[1000]{-0.177903195913, ...}"
(102457:2583)-325,,AGGSVC_SIMRETURNS(1Y VS)_MONTECARLO,2024-09-02,"doubleVector[1000]{0.0286549795917, ...}"
ccy://RMG/KGS,,AGGSVC_SIMRETURNS(1Y VS)_MONTECARLO,2024-09-02,"doubleVector[1000]{1.13833543003E-5, ...}"
ccy://RMG/MRU,,AGGSVC_SIMRETURNS(1Y VS)_MONTECARLO,2024-09-02,"doubleVector[1000]{-2.39032822794E-5, ...}"
ccy://RMG/EEK,,AGGSVC_SIMRETURNS(1Y VS)_MONTECARLO,2024-09-02,"doubleVector[1000]{2.96037062628E-4, ...}"
ccy://RMG/XDTUSD,,AGGSVC_SIMRETURNS(1Y VS)_MONTECARLO,2024-09-02,"doubleVector[1000]{0.0, ...}"
ccy://RMG/THB,,AGGSVC_SIMRETURNS(1Y VS)_MONTECARLO,2024-09-02,"doubleVector[1000]{2.51919845277E-4, ...}"
ccy://RMG/MTL,,AGGSVC_SIMRETURNS(1Y VS)_MONTECARLO,2024-09-02,"doubleVector[1000]{0.0107652784758, ...}"
ccy://RMG/AMD,,AGGSVC_SIMRETURNS(1Y VS)_MONTECARLO,2024-09-02,"doubleVector[1000]{-4.13826452003E-7, ...}"
ccy://RMG/RSD,,AGGSVC_SIMRETURNS(1Y VS)_MONTECARLO,2024-09-02,"doubleVector[1000]{4.19654877473E-5, ...}"
ccy://RMG/SLE,,AGGSVC_SIMRETURNS(1Y VS)_MONTECARLO,2024-09-02,"doubleVector[1000]{1.02883689433E-4, ...}"
ccy://RMG/PTX,,AGGSVC_SIMRETURNS(1Y VS)_MONTECARLO,2024-09-02,"doubleVector[1000]{0.0010405015674, ...}"
ccy://RMG/EUR,,AGGSVC_SIMRETURNS(1Y VS)_MONTECARLO,2024-09-02,"doubleVector[1000]{0.00463272221596, ...}"
(102457:2583)-293,,AGGSVC_SIMRETURNS(1Y VS)_MONTECARLO,2024-09-02,"doubleVector[1000]{1.13143600427, ...}"
(102457:2583)-331,,AGGSVC_SIMRETURNS(1Y VS)_MONTECARLO,2024-09-02,"doubleVector[1000]{0.184721347589, ...}"
(102457:2583)-318,,AGGSVC_SIMRETURNS(1Y VS)_MONTECARLO,2024-09-02,"doubleVector[1000]{0.288180963582, ...}"
ccy://RMG/SZL,,AGGSVC_SIMRETURNS(1Y VS)_MONTECARLO,2024-09-02,"doubleVector[1000]{7.29657020919E-4, ...}"
ccy://RMG/BEF,,AGGSVC_SIMRETURNS(1Y VS)_MONTECARLO,2024-09-02,"doubleVector[1000]{1.14842181218E-4, ...}"
ccy://RMG/LKR,,AGGSVC_SIMRETURNS(1Y VS)_MONTECARLO,2024-09-02,"doubleVector[1000]{3.7799973284E-6, ...}"
ccy://RMG/MXV,,AGGSVC_SIMRETURNS(1Y VS)_MONTECARLO,2024-09-02,"doubleVector[1000]{0.00707215345152, ...}"
ccy://RMG/UGX,,AGGSVC_SIMRETURNS(1Y VS)_MONTECARLO,2024-09-02,"doubleVector[1000]{1.98660464911E-7, ...}"
ccy://RMG/TZS,,AGGSVC_SIMRETURNS(1Y VS)_MONTECARLO,2024-09-02,"doubleVector[1000]{-7.49344826847E-7, ...}"
ccy://RMG/MZN,,AGGSVC_SIMRETURNS(1Y VS)_MONTECARLO,2024-09-02,"doubleVector[1000]{-8.67626571808E-6, ...}"
ccy://RMG/PHP,,AGGSVC_SIMRETURNS(1Y VS)_MONTECARLO,2024-09-02,"doubleVector[1000]{3.22722731639E-5, ...}"
ccy://RMG/XPD,,AGGSVC_SIMRETURNS(1Y VS)_MONTECARLO,2024-09-02,"doubleVector[1000]{39.6056316932, ...}"
ccy://RMG/NZD,,AGGSVC_SIMRETURNS(1Y VS)_MONTECARLO,2024-09-02,"doubleVector[1000]{0.00568149432579, ...}"
ccy://RMG/ZAR,,AGGSVC_SIMRETURNS(1Y VS)_MONTECARLO,2024-09-02,"doubleVector[1000]{7.29657020919E-4, ...}"
(102457:2583)-301,,AGGSVC_SIMRETURNS(1Y VS)_MONTECARLO,2024-09-02,"doubleVector[1000]{0.496398788075, ...}"
(102457:2583)-324,,AGGSVC_SIMRETURNS(1Y VS)_MONTECARLO,2024-09-02,"doubleVector[1000]{1.8837905915, ...}"
(102457:2583)-333,,AGGSVC_SIMRETURNS(1Y VS)_MONTECARLO,2024-09-02,"doubleVector[1000]{0.379664654978, ...}"
ccy://RMG/MDL,,AGGSVC_SIMRETURNS(1Y VS)_MONTECARLO,2024-09-02,"doubleVector[1000]{2.27079011146E-4, ...}"
ccy://RMG/SVC,,AGGSVC_SIMRETURNS(1Y VS)_MONTECARLO,2024-09-02,"doubleVector[1000]{0.0, ...}"
ccy://RMG/XBTUSD,,AGGSVC_SIMRETURNS(1Y VS)_MONTECARLO,2024-09-02,"doubleVector[1000]{0.0, ...}"
ccy://RMG/RUB,,AGGSVC_SIMRETURNS(1Y VS)_MONTECARLO,2024-09-02,"doubleVector[1000]{-1.43121328536E-4, ...}"
ccy://RMG/UAH,,AGGSVC_SIMRETURNS(1Y VS)_MONTECARLO,2024-09-02,"doubleVector[1000]{-3.08757798812E-5, ...}"
ccy://RMG/IEP,,AGGSVC_SIMRETURNS(1Y VS)_MONTECARLO,2024-09-02,"doubleVector[1000]{0.00588234395413, ...}"
ccy://RMG/MMK,,AGGSVC_SIMRETURNS(1Y VS)_MONTECARLO,2024-09-02,"doubleVector[1000]{0.0, ...}"
ccy://RMG/CAD,,AGGSVC_SIMRETURNS(1Y VS)_MONTECARLO,2024-09-02,"doubleVector[1000]{0.00354770714049, ...}"
ccy://RMG/MWK,,AGGSVC_SIMRETURNS(1Y VS)_MONTECARLO,2024-09-02,"doubleVector[1000]{4.22936494348E-7, ...}"
ccy://RMG/KHR,,AGGSVC_SIMRETURNS(1Y VS)_MONTECARLO,2024-09-02,"doubleVector[1000]{4.21566111862E-8, ...}"
ccy://RMG/TOP,,AGGSVC_SIMRETURNS(1Y VS)_MONTECARLO,2024-09-02,"doubleVector[1000]{1.1807155918E-4, ...}"
(102457:2583)-330,,AGGSVC_SIMRETURNS(1Y VS)_MONTECARLO,2024-09-02,"doubleVector[1000]{-0.20965155432, ...}"
(102457:2583)-327,,AGGSVC_SIMRETURNS(1Y VS)_MONTECARLO,2024-09-02,"doubleVector[1000]{0.342027700212, ...}"
ccy://RMG/TJS,,AGGSVC_SIMRETURNS(1Y VS)_MONTECARLO,2024-09-02,"doubleVector[1000]{2.18773141946E-4, ...}"
ccy://RMG/AED,,AGGSVC_SIMRETURNS(1Y VS)_MONTECARLO,2024-09-02,"doubleVector[1000]{-8.40639972449E-6, ...}"
ccy://RMG/NOK,,AGGSVC_SIMRETURNS(1Y VS)_MONTECARLO,2024-09-02,"doubleVector[1000]{0.00106297121791, ...}"
ccy://RMG/AUD,,AGGSVC_SIMRETURNS(1Y VS)_MONTECARLO,2024-09-02,"doubleVector[1000]{0.00562551667483, ...}"
ccy://RMG/COP,,AGGSVC_SIMRETURNS(1Y VS)_MONTECARLO,2024-09-02,"doubleVector[1000]{2.24512981295E-6, ...}"
ccy://RMG/NIO,,AGGSVC_SIMRETURNS(1Y VS)_MONTECARLO,2024-09-02,"doubleVector[1000]{-2.22021589173E-7, ...}"
ccy://RMG/CYP,,AGGSVC_SIMRETURNS(1Y VS)_MONTECARLO,2024-09-02,"doubleVector[1000]{0.00795929180517, ...}"
ccy://RMG/ITL,,AGGSVC_SIMRETURNS(1Y VS)_MONTECARLO,2024-09-02,"doubleVector[1000]{2.39260157198E-6, ...}"
ccy://RMG/CNY,,AGGSVC_SIMRETURNS(1Y VS)_MONTECARLO,2024-09-02,"doubleVector[1000]{-5.08118293134E-4, ...}"
ccy://RMG/PTE,,AGGSVC_SIMRETURNS(1Y VS)_MONTECARLO,2024-09-02,"doubleVector[1000]{2.3107921645E-5, ...}"
ccy://RMG/TWD,,AGGSVC_SIMRETURNS(1Y VS)_MONTECARLO,2024-09-02,"doubleVector[1000]{4.24697657555E-5, ...}"
(102457:2583)-299,,AGGSVC_SIMRETURNS(1Y VS)_MONTECARLO,2024-09-02,"doubleVector[1000]{0.508058879127, ...}"
(102457:2583)-317,,AGGSVC_SIMRETURNS(1Y VS)_MONTECARLO,2024-09-02,"doubleVector[1000]{0.32356881775, ...}"
ccy://RMG/GBP8,,AGGSVC_SIMRETURNS(1Y VS)_MONTECARLO,2024-09-02,"doubleVector[1000]{0.0, ...}"
ccy://RMG/DXY,,AGGSVC_SIMRETURNS(1Y VS)_MONTECARLO,2024-09-02,"doubleVector[1000]{4.21838869687E-5, ...}"
ccy://RMG/XAUSHA,,AGGSVC_SIMRETURNS(1Y VS)_MONTECARLO,2024-09-02,"doubleVector[1000]{0.145469905522, ...}"
ccy://RMG/RWF,,AGGSVC_SIMRETURNS(1Y VS)_MONTECARLO,2024-09-02,"doubleVector[1000]{8.05981502861E-7, ...}"
ccy://RMG/GYD,,AGGSVC_SIMRETURNS(1Y VS)_MONTECARLO,2024-09-02,"doubleVector[1000]{-9.32916207066E-7, ...}"
ccy://RMG/BAM,,AGGSVC_SIMRETURNS(1Y VS)_MONTECARLO,2024-09-02,"doubleVector[1000]{0.00236986252372, ...}"
ccy://RMG/YER,,AGGSVC_SIMRETURNS(1Y VS)_MONTECARLO,2024-09-02,"doubleVector[1000]{4.54418015911E-7, ...}"
ccy://RMG/GRD,,AGGSVC_SIMRETURNS(1Y VS)_MONTECARLO,2024-09-02,"doubleVector[1000]{1.35956627108E-5, ...}"
ccy://RMG/ESP,,AGGSVC_SIMRETURNS(1Y VS)_MONTECARLO,2024-09-02,"doubleVector[1000]{2.78432211791E-5, ...}"
ccy://RMG/ZWG,,AGGSVC_SIMRETURNS(1Y VS)_MONTECARLO,2024-09-02,"doubleVector[1000]{-6.8287591667E-4, ...}"
ccy://RMG/GBP,,AGGSVC_SIMRETURNS(1Y VS)_MONTECARLO,2024-09-02,"doubleVector[1000]{0.00873440257405, ...}"
(102457:2583)-310,,AGGSVC_SIMRETURNS(1Y VS)_MONTECARLO,2024-09-02,"doubleVector[1000]{0.25018289988, ...}"
(102457:2583)-312,,AGGSVC_SIMRETURNS(1Y VS)_MONTECARLO,2024-09-02,"doubleVector[1000]{0.362261083755, ...}"
ccy://RMG/CUP,,AGGSVC_SIMRETURNS(1Y VS)_MONTECARLO,2024-09-02,"doubleVector[1000]{0.0, ...}"
ccy://RMG/XMAUSD,,AGGSVC_SIMRETURNS(1Y VS)_MONTECARLO,2024-09-02,"doubleVector[1000]{0.0, ...}"
ccy://RMG/EUR8,,AGGSVC_SIMRETURNS(1Y VS)_MONTECARLO,2024-09-02,"doubleVector[1000]{0.0, ...}"
ccy://RMG/TW7,,AGGSVC_SIMRETURNS(1Y VS)_MONTECARLO,2024-09-02,"doubleVector[1000]{0.0, ...}"
ccy://RMG/XCD,,AGGSVC_SIMRETURNS(1Y VS)_MONTECARLO,2024-09-02,"doubleVector[1000]{0.0, ...}"
ccy://RMG/XAF,,AGGSVC_SIMRETURNS(1Y VS)_MONTECARLO,2024-09-02,"doubleVector[1000]{1.04749946977E-5, ...}"
ccy://RMG/BYN,,AGGSVC_SIMRETURNS(1Y VS)_MONTECARLO,2024-09-02,"doubleVector[1000]{-9.89520026096E-5, ...}"
ccy://RMG/JPZ1,,AGGSVC_SIMRETURNS(1Y VS)_MONTECARLO,2024-09-02,"doubleVector[1000]{0.0, ...}"
ccy://RMG/FKC1,,AGGSVC_SIMRETURNS(1Y VS)_MONTECARLO,2024-09-02,"doubleVector[1000]{0.0, ...}"
ccy://RMG/PYG,,AGGSVC_SIMRETURNS(1Y VS)_MONTECARLO,2024-09-02,"doubleVector[1000]{2.21655264648E-7, ...}"
ccy://RMG/CLP,,AGGSVC_SIMRETURNS(1Y VS)_MONTECARLO,2024-09-02,"doubleVector[1000]{8.08682664224E-6, ...}"
(102457:2583)-316,,AGGSVC_SIMRETURNS(1Y VS)_MONTECARLO,2024-09-02,"doubleVector[1000]{0.854843884827, ...}"
(102457:2583)-280,,AGGSVC_SIMRETURNS(1Y VS)_MONTECARLO,2024-09-02,"doubleVector[1000]{-0.472530726596, ...}"
ccy://RMG/XPT,,AGGSVC_SIMRETURNS(1Y VS)_MONTECARLO,2024-09-02,"doubleVector[1000]{28.69167566, ...}"
ccy://RMG/HRK,,AGGSVC_SIMRETURNS(1Y VS)_MONTECARLO,2024-09-02,"doubleVector[1000]{6.14812792868E-4, ...}"
ccy://RMG/ANG,,AGGSVC_SIMRETURNS(1Y VS)_MONTECARLO,2024-09-02,"doubleVector[1000]{0.0, ...}"
ccy://RMG/GEL,,AGGSVC_SIMRETURNS(1Y VS)_MONTECARLO,2024-09-02,"doubleVector[1000]{-6.01244462665E-4, ...}"
ccy://RMG/BRL5,,AGGSVC_SIMRETURNS(1Y VS)_MONTECARLO,2024-09-02,"doubleVector[1000]{0.0, ...}"
ccy://RMG/KYD,,AGGSVC_SIMRETURNS(1Y VS)_MONTECARLO,2024-09-02,"doubleVector[1000]{0.0, ...}"
ccy://RMG/KES,,AGGSVC_SIMRETURNS(1Y VS)_MONTECARLO,2024-09-02,"doubleVector[1000]{-3.36253941459E-7, ...}"
ccy://RMG/XAG,,AGGSVC_SIMRETURNS(1Y VS)_MONTECARLO,2024-09-02,"doubleVector[1000]{1.27273094756, ...}"
ccy://RMG/ETB,,AGGSVC_SIMRETURNS(1Y VS)_MONTECARLO,2024-09-02,"doubleVector[1000]{-2.12451556046E-4, ...}"
ccy://RMG/HKD,,AGGSVC_SIMRETURNS(1Y VS)_MONTECARLO,2024-09-02,"doubleVector[1000]{-1.63450562092E-4, ...}"
ccy://RMG/FIM,,AGGSVC_SIMRETURNS(1Y VS)_MONTECARLO,2024-09-02,"doubleVector[1000]{7.79167917209E-4, ...}"
(102457:2583)-309,,AGGSVC_SIMRETURNS(1Y VS)_MONTECARLO,2024-09-02,"doubleVector[1000]{0.349187646781, ...}"
(102457:2583)-298,,AGGSVC_SIMRETURNS(1Y VS)_MONTECARLO,2024-09-02,"doubleVector[1000]{0.536204771432, ...}"
ccy://RMG/XAAUSD,,AGGSVC_SIMRETURNS(1Y VS)_MONTECARLO,2024-09-02,"doubleVector[1000]{0.0, ...}"
ccy://RMG/JOD,,AGGSVC_SIMRETURNS(1Y VS)_MONTECARLO,2024-09-02,"doubleVector[1000]{1.26779962278E-4, ...}"
ccy://RMG/TETUSD,,AGGSVC_SIMRETURNS(1Y VS)_MONTECARLO,2024-09-02,"doubleVector[1000]{0.0, ...}"
ccy://RMG/ZWL,,AGGSVC_SIMRETURNS(1Y VS)_MONTECARLO,2024-09-02,"doubleVector[1000]{-6.18274186666E-4, ...}"
ccy://RMG/MYR,,AGGSVC_SIMRETURNS(1Y VS)_MONTECARLO,2024-09-02,"doubleVector[1000]{-0.00108320047743, ...}"
ccy://RMG/BGN,,AGGSVC_SIMRETURNS(1Y VS)_MONTECARLO,2024-09-02,"doubleVector[1000]{0.00220438580123, ...}"
ccy://RMG/XSAUSD,,AGGSVC_SIMRETURNS(1Y VS)_MONTECARLO,2024-09-02,"doubleVector[1000]{0.0, ...}"
ccy://RMG/SBD,,AGGSVC_SIMRETURNS(1Y VS)_MONTECARLO,2024-09-02,"doubleVector[1000]{2.17717317169E-4, ...}"
ccy://RMG/BND,,AGGSVC_SIMRETURNS(1Y VS)_MONTECARLO,2024-09-02,"doubleVector[1000]{0.001591913681, ...}"
ccy://RMG/VES,,AGGSVC_SIMRETURNS(1Y VS)_MONTECARLO,2024-09-02,"doubleVector[1000]{-1.12572538776E-5, ...}"
ccy://RMG/BWP,,AGGSVC_SIMRETURNS(1Y VS)_MONTECARLO,2024-09-02,"doubleVector[1000]{4.70165301957E-4, ...}"
(102457:2583)-311,,AGGSVC_SIMRETURNS(1Y VS)_MONTECARLO,2024-09-02,"doubleVector[1000]{1.06895633503, ...}"
(102457:2583)-282,,AGGSVC_SIMRETURNS(1Y VS)_MONTECARLO,2024-09-02,"doubleVector[1000]{0.186839484402, ...}"
