Portfolio,HoldingId,HoldingUniqueName,BaseHoldingUniqueName,BaseHoldingId,Amount,IsRelative,IsShortBase,IsBlend,IsFilter,IsShareClassArtificial,IsHoldingGroupByWeightedHolding,BasePortfolio,BenchmarkPortfolio,BenchmarkMethod,BaseBenchmark,FxHedgingPercent,RawFxHedgingPercent,BlendLoadStatus,BlendLoadMessage,LookThroughPortfolio,LookThroughLoadStatus,LookThroughLoadMessage,ProcessDate,HoldingUpdateTimestamp,HoldingSource,Holding Path,Level0,Level1,Level2,Level3,Level4,Level5,Level6,Level7,Level8,Level9,Level10,FundLevel0,FundLevel1,FundLevel2,FundLevel3,FundLevel4,FundLevel5,FundLevel6,FundLevel7,FundLevel8,FundLevel9,FundLevel10,PartitionKey,AsOfDate
EQ-Oil & Gas exploration Fund,3087028_3087062,"MemberUniqueName{id='3087028_3087062', name='Northern Oil and Gas Ord Shs'}","MemberUniqueName{id='3087028_3087062', name='Northern Oil and Gas Ord Shs'}",3087028_3087062,37169.54852,false,false,false,false,false,false,N/A,N/A,N/A,portfolio,0.0,NaN,N/A,N/A,N/A,N/A,N/A,2024-11-20,2024-11-20T10:55:27.350030900,Test blend-202112310 - Copy.xml,3087028_3087062,EQ-Oil & Gas exploration Fund,_DATAMEMBER_,_DATAMEMBER_,_DATAMEMBER_,_DATAMEMBER_,_DATAMEMBER_,_DATAMEMBER_,_DATAMEMBER_,_DATAMEMBER_,_DATAMEMBER_,_DATAMEMBER_,Northern Oil and Gas Ord Shs,_DATAMEMBER_,_DATAMEMBER_,_DATAMEMBER_,_DATAMEMBER_,_DATAMEMBER_,_DATAMEMBER_,_DATAMEMBER_,_DATAMEMBER_,_DATAMEMBER_,_DATAMEMBER_,10,2024-09-02
EQ-Oil & Gas exploration Fund,3087028_3087038,"MemberUniqueName{id='3087028_3087038', name='Chevron Ord Shs'}","MemberUniqueName{id='3087028_3087038', name='Chevron Ord Shs'}",3087028_3087038,28397.42224,false,false,false,false,false,false,N/A,N/A,N/A,portfolio,0.0,NaN,N/A,N/A,N/A,N/A,N/A,2024-11-20,2024-11-20T10:55:27.367540400,Test blend-202112310 - Copy.xml,3087028_3087038,EQ-Oil & Gas exploration Fund,_DATAMEMBER_,_DATAMEMBER_,_DATAMEMBER_,_DATAMEMBER_,_DATAMEMBER_,_DATAMEMBER_,_DATAMEMBER_,_DATAMEMBER_,_DATAMEMBER_,_DATAMEMBER_,Chevron Ord Shs,_DATAMEMBER_,_DATAMEMBER_,_DATAMEMBER_,_DATAMEMBER_,_DATAMEMBER_,_DATAMEMBER_,_DATAMEMBER_,_DATAMEMBER_,_DATAMEMBER_,_DATAMEMBER_,10,2024-09-02
EQ-Oil & Gas exploration Fund,3087028_3087080,"MemberUniqueName{id='3087028_3087080', name='World Fuel Services Ord Shs'}","MemberUniqueName{id='3087028_3087080', name='World Fuel Services Ord Shs'}",3087028_3087080,21817.43647,false,false,false,false,false,false,N/A,N/A,N/A,portfolio,0.0,NaN,N/A,N/A,N/A,N/A,N/A,2024-11-20,2024-11-20T10:55:27.373540400,Test blend-202112310 - Copy.xml,3087028_3087080,EQ-Oil & Gas exploration Fund,_DATAMEMBER_,_DATAMEMBER_,_DATAMEMBER_,_DATAMEMBER_,_DATAMEMBER_,_DATAMEMBER_,_DATAMEMBER_,_DATAMEMBER_,_DATAMEMBER_,_DATAMEMBER_,World Fuel Services Ord Shs,_DATAMEMBER_,_DATAMEMBER_,_DATAMEMBER_,_DATAMEMBER_,_DATAMEMBER_,_DATAMEMBER_,_DATAMEMBER_,_DATAMEMBER_,_DATAMEMBER_,_DATAMEMBER_,10,2024-09-02
EQ-Oil & Gas exploration Fund,3087028_3087041,"MemberUniqueName{id='3087028_3087041', name='ConocoPhillips Ord Shs'}","MemberUniqueName{id='3087028_3087041', name='ConocoPhillips Ord Shs'}",3087028_3087041,50352.22351,false,false,false,false,false,false,N/A,N/A,N/A,portfolio,0.0,NaN,N/A,N/A,N/A,N/A,N/A,2024-11-20,2024-11-20T10:55:27.365541100,Test blend-202112310 - Copy.xml,3087028_3087041,EQ-Oil & Gas exploration Fund,_DATAMEMBER_,_DATAMEMBER_,_DATAMEMBER_,_DATAMEMBER_,_DATAMEMBER_,_DATAMEMBER_,_DATAMEMBER_,_DATAMEMBER_,_DATAMEMBER_,_DATAMEMBER_,ConocoPhillips Ord Shs,_DATAMEMBER_,_DATAMEMBER_,_DATAMEMBER_,_DATAMEMBER_,_DATAMEMBER_,_DATAMEMBER_,_DATAMEMBER_,_DATAMEMBER_,_DATAMEMBER_,_DATAMEMBER_,5,2024-09-02
EQ-Oil & Gas exploration Fund,3087028_3087048,"MemberUniqueName{id='3087028_3087048', name='EQT Ord Shs'}","MemberUniqueName{id='3087028_3087048', name='EQT Ord Shs'}",3087028_3087048,128721.4028,false,false,false,false,false,false,N/A,N/A,N/A,portfolio,0.0,NaN,N/A,N/A,N/A,N/A,N/A,2024-11-20,2024-11-20T10:55:27.361539600,Test blend-202112310 - Copy.xml,3087028_3087048,EQ-Oil & Gas exploration Fund,_DATAMEMBER_,_DATAMEMBER_,_DATAMEMBER_,_DATAMEMBER_,_DATAMEMBER_,_DATAMEMBER_,_DATAMEMBER_,_DATAMEMBER_,_DATAMEMBER_,_DATAMEMBER_,EQT Ord Shs,_DATAMEMBER_,_DATAMEMBER_,_DATAMEMBER_,_DATAMEMBER_,_DATAMEMBER_,_DATAMEMBER_,_DATAMEMBER_,_DATAMEMBER_,_DATAMEMBER_,_DATAMEMBER_,5,2024-09-02
EQ-Oil & Gas exploration Fund,3087028_3087065,"MemberUniqueName{id='3087028_3087065', name='Ovintiv Ord Shs'}","MemberUniqueName{id='3087028_3087065', name='Ovintiv Ord Shs'}",3087028_3087065,98735.70291,false,false,false,false,false,false,N/A,N/A,N/A,portfolio,0.0,NaN,N/A,N/A,N/A,N/A,N/A,2024-11-20,2024-11-20T10:55:27.348030200,Test blend-202112310 - Copy.xml,3087028_3087065,EQ-Oil & Gas exploration Fund,_DATAMEMBER_,_DATAMEMBER_,_DATAMEMBER_,_DATAMEMBER_,_DATAMEMBER_,_DATAMEMBER_,_DATAMEMBER_,_DATAMEMBER_,_DATAMEMBER_,_DATAMEMBER_,Ovintiv Ord Shs,_DATAMEMBER_,_DATAMEMBER_,_DATAMEMBER_,_DATAMEMBER_,_DATAMEMBER_,_DATAMEMBER_,_DATAMEMBER_,_DATAMEMBER_,_DATAMEMBER_,_DATAMEMBER_,7,2024-09-02
EQ-Oil & Gas exploration Fund,3087028_3087039,"MemberUniqueName{id='3087028_3087039', name='Clean Energy Fuels Ord Shs'}","MemberUniqueName{id='3087028_3087039', name='Clean Energy Fuels Ord Shs'}",3087028_3087039,304945.5562,false,false,false,false,false,false,N/A,N/A,N/A,portfolio,0.0,NaN,N/A,N/A,N/A,N/A,N/A,2024-11-20,2024-11-20T10:55:27.366539400,Test blend-202112310 - Copy.xml,3087028_3087039,EQ-Oil & Gas exploration Fund,_DATAMEMBER_,_DATAMEMBER_,_DATAMEMBER_,_DATAMEMBER_,_DATAMEMBER_,_DATAMEMBER_,_DATAMEMBER_,_DATAMEMBER_,_DATAMEMBER_,_DATAMEMBER_,Clean Energy Fuels Ord Shs,_DATAMEMBER_,_DATAMEMBER_,_DATAMEMBER_,_DATAMEMBER_,_DATAMEMBER_,_DATAMEMBER_,_DATAMEMBER_,_DATAMEMBER_,_DATAMEMBER_,_DATAMEMBER_,7,2024-09-02
EQ-Oil & Gas exploration Fund,3087028_3087063,"MemberUniqueName{id='3087028_3087063', name='Oasis Petroleum Ord Shs'}","MemberUniqueName{id='3087028_3087063', name='Oasis Petroleum Ord Shs'}",3087028_3087063,9271.599973,false,false,false,false,false,false,N/A,N/A,N/A,portfolio,0.0,NaN,N/A,N/A,N/A,N/A,N/A,2024-11-20,2024-11-20T10:55:27.350030900,Test blend-202112310 - Copy.xml,3087028_3087063,EQ-Oil & Gas exploration Fund,_DATAMEMBER_,_DATAMEMBER_,_DATAMEMBER_,_DATAMEMBER_,_DATAMEMBER_,_DATAMEMBER_,_DATAMEMBER_,_DATAMEMBER_,_DATAMEMBER_,_DATAMEMBER_,Oasis Petroleum Ord Shs,_DATAMEMBER_,_DATAMEMBER_,_DATAMEMBER_,_DATAMEMBER_,_DATAMEMBER_,_DATAMEMBER_,_DATAMEMBER_,_DATAMEMBER_,_DATAMEMBER_,_DATAMEMBER_,9,2024-09-02
EQ-Oil & Gas exploration Fund,3087028_3087081,"MemberUniqueName{id='3087028_3087081', name='US DOLLAR FX SPOT'}","MemberUniqueName{id='3087028_3087081', name='US DOLLAR FX SPOT'}",3087028_3087081,-2520.975772,false,false,false,false,false,false,N/A,N/A,N/A,portfolio,0.0,NaN,N/A,N/A,N/A,N/A,N/A,2024-11-20,2024-11-20T10:55:27.372540500,Test blend-202112310 - Copy.xml,3087028_3087081,EQ-Oil & Gas exploration Fund,_DATAMEMBER_,_DATAMEMBER_,_DATAMEMBER_,_DATAMEMBER_,_DATAMEMBER_,_DATAMEMBER_,_DATAMEMBER_,_DATAMEMBER_,_DATAMEMBER_,_DATAMEMBER_,US DOLLAR FX SPOT,_DATAMEMBER_,_DATAMEMBER_,_DATAMEMBER_,_DATAMEMBER_,_DATAMEMBER_,_DATAMEMBER_,_DATAMEMBER_,_DATAMEMBER_,_DATAMEMBER_,_DATAMEMBER_,9,2024-09-02
EQ-Oil & Gas exploration Fund,3087028_3087074,"MemberUniqueName{id='3087028_3087074', name='SM Energy Ord Shs'}","MemberUniqueName{id='3087028_3087074', name='SM Energy Ord Shs'}",3087028_3087074,141184.3264,false,false,false,false,false,false,N/A,N/A,N/A,portfolio,0.0,NaN,N/A,N/A,N/A,N/A,N/A,2024-11-20,2024-11-20T10:55:27.338025800,Test blend-202112310 - Copy.xml,3087028_3087074,EQ-Oil & Gas exploration Fund,_DATAMEMBER_,_DATAMEMBER_,_DATAMEMBER_,_DATAMEMBER_,_DATAMEMBER_,_DATAMEMBER_,_DATAMEMBER_,_DATAMEMBER_,_DATAMEMBER_,_DATAMEMBER_,SM Energy Ord Shs,_DATAMEMBER_,_DATAMEMBER_,_DATAMEMBER_,_DATAMEMBER_,_DATAMEMBER_,_DATAMEMBER_,_DATAMEMBER_,_DATAMEMBER_,_DATAMEMBER_,_DATAMEMBER_,17,2024-09-02
EQ-Oil & Gas exploration Fund,3087028_3087056,"MemberUniqueName{id='3087028_3087056', name='Magnolia Oil Gas Ord Shs Class A'}","MemberUniqueName{id='3087028_3087056', name='Magnolia Oil Gas Ord Shs Class A'}",3087028_3087056,69202.4571,false,false,false,false,false,false,N/A,N/A,N/A,portfolio,0.0,NaN,N/A,N/A,N/A,N/A,N/A,2024-11-20,2024-11-20T10:55:27.354535,Test blend-202112310 - Copy.xml,3087028_3087056,EQ-Oil & Gas exploration Fund,_DATAMEMBER_,_DATAMEMBER_,_DATAMEMBER_,_DATAMEMBER_,_DATAMEMBER_,_DATAMEMBER_,_DATAMEMBER_,_DATAMEMBER_,_DATAMEMBER_,_DATAMEMBER_,Magnolia Oil Gas Ord Shs Class A,_DATAMEMBER_,_DATAMEMBER_,_DATAMEMBER_,_DATAMEMBER_,_DATAMEMBER_,_DATAMEMBER_,_DATAMEMBER_,_DATAMEMBER_,_DATAMEMBER_,_DATAMEMBER_,17,2024-09-02
EQ-Oil & Gas exploration Fund,3087028_3087032,"MemberUniqueName{id='3087028_3087032', name='Antero Resources Ord Shs'}","MemberUniqueName{id='3087028_3087032', name='Antero Resources Ord Shs'}",3087028_3087032,211053.6363,false,false,false,false,false,false,N/A,N/A,N/A,portfolio,0.0,NaN,N/A,N/A,N/A,N/A,N/A,2024-11-20,2024-11-20T10:55:27.370540500,Test blend-202112310 - Copy.xml,3087028_3087032,EQ-Oil & Gas exploration Fund,_DATAMEMBER_,_DATAMEMBER_,_DATAMEMBER_,_DATAMEMBER_,_DATAMEMBER_,_DATAMEMBER_,_DATAMEMBER_,_DATAMEMBER_,_DATAMEMBER_,_DATAMEMBER_,Antero Resources Ord Shs,_DATAMEMBER_,_DATAMEMBER_,_DATAMEMBER_,_DATAMEMBER_,_DATAMEMBER_,_DATAMEMBER_,_DATAMEMBER_,_DATAMEMBER_,_DATAMEMBER_,_DATAMEMBER_,17,2024-09-02
EQ-Oil & Gas exploration Fund,3087028_3087057,"MemberUniqueName{id='3087028_3087057', name='Marathon Oil Ord Shs'}","MemberUniqueName{id='3087028_3087057', name='Marathon Oil Ord Shs'}",3087028_3087057,225442.8471,false,false,false,false,false,false,N/A,N/A,N/A,portfolio,0.0,NaN,N/A,N/A,N/A,N/A,N/A,2024-11-20,2024-11-20T10:55:27.354535,Test blend-202112310 - Copy.xml,3087028_3087057,EQ-Oil & Gas exploration Fund,_DATAMEMBER_,_DATAMEMBER_,_DATAMEMBER_,_DATAMEMBER_,_DATAMEMBER_,_DATAMEMBER_,_DATAMEMBER_,_DATAMEMBER_,_DATAMEMBER_,_DATAMEMBER_,Marathon Oil Ord Shs,_DATAMEMBER_,_DATAMEMBER_,_DATAMEMBER_,_DATAMEMBER_,_DATAMEMBER_,_DATAMEMBER_,_DATAMEMBER_,_DATAMEMBER_,_DATAMEMBER_,_DATAMEMBER_,15,2024-09-02
EQ-Oil & Gas exploration Fund,3087028_3087076,"MemberUniqueName{id='3087028_3087076', name='Talos Energy Ord Shs'}","MemberUniqueName{id='3087028_3087076', name='Talos Energy Ord Shs'}",3087028_3087076,24325.76335,false,false,false,false,false,false,N/A,N/A,N/A,portfolio,0.0,NaN,N/A,N/A,N/A,N/A,N/A,2024-11-20,2024-11-20T10:55:27.336026300,Test blend-202112310 - Copy.xml,3087028_3087076,EQ-Oil & Gas exploration Fund,_DATAMEMBER_,_DATAMEMBER_,_DATAMEMBER_,_DATAMEMBER_,_DATAMEMBER_,_DATAMEMBER_,_DATAMEMBER_,_DATAMEMBER_,_DATAMEMBER_,_DATAMEMBER_,Talos Energy Ord Shs,_DATAMEMBER_,_DATAMEMBER_,_DATAMEMBER_,_DATAMEMBER_,_DATAMEMBER_,_DATAMEMBER_,_DATAMEMBER_,_DATAMEMBER_,_DATAMEMBER_,_DATAMEMBER_,15,2024-09-02
EQ-Oil & Gas exploration Fund,3087028_3087064,"MemberUniqueName{id='3087028_3087064', name='Occidental Petroleum Ord Shs'}","MemberUniqueName{id='3087028_3087064', name='Occidental Petroleum Ord Shs'}",3087028_3087064,108857.5278,false,false,false,false,false,false,N/A,N/A,N/A,portfolio,0.0,NaN,N/A,N/A,N/A,N/A,N/A,2024-11-20,2024-11-20T10:55:27.349030600,Test blend-202112310 - Copy.xml,3087028_3087064,EQ-Oil & Gas exploration Fund,_DATAMEMBER_,_DATAMEMBER_,_DATAMEMBER_,_DATAMEMBER_,_DATAMEMBER_,_DATAMEMBER_,_DATAMEMBER_,_DATAMEMBER_,_DATAMEMBER_,_DATAMEMBER_,Occidental Petroleum Ord Shs,_DATAMEMBER_,_DATAMEMBER_,_DATAMEMBER_,_DATAMEMBER_,_DATAMEMBER_,_DATAMEMBER_,_DATAMEMBER_,_DATAMEMBER_,_DATAMEMBER_,_DATAMEMBER_,8,2024-09-02
EQ-Oil & Gas exploration Fund,3087028_3087040,"MemberUniqueName{id='3087028_3087040', name='Cnx Resources Ord Shs'}","MemberUniqueName{id='3087028_3087040', name='Cnx Resources Ord Shs'}",3087028_3087040,149166.6524,false,false,false,false,false,false,N/A,N/A,N/A,portfolio,0.0,NaN,N/A,N/A,N/A,N/A,N/A,2024-11-20,2024-11-20T10:55:27.366539400,Test blend-202112310 - Copy.xml,3087028_3087040,EQ-Oil & Gas exploration Fund,_DATAMEMBER_,_DATAMEMBER_,_DATAMEMBER_,_DATAMEMBER_,_DATAMEMBER_,_DATAMEMBER_,_DATAMEMBER_,_DATAMEMBER_,_DATAMEMBER_,_DATAMEMBER_,Cnx Resources Ord Shs,_DATAMEMBER_,_DATAMEMBER_,_DATAMEMBER_,_DATAMEMBER_,_DATAMEMBER_,_DATAMEMBER_,_DATAMEMBER_,_DATAMEMBER_,_DATAMEMBER_,_DATAMEMBER_,6,2024-09-02
EQ-Oil & Gas exploration Fund,3087028_3087066,"MemberUniqueName{id='3087028_3087066', name='PBF Energy Ord Shs Class A'}","MemberUniqueName{id='3087028_3087066', name='PBF Energy Ord Shs Class A'}",3087028_3087066,158756.151,false,false,false,false,false,false,N/A,N/A,N/A,portfolio,0.0,NaN,N/A,N/A,N/A,N/A,N/A,2024-11-20,2024-11-20T10:55:27.347032,Test blend-202112310 - Copy.xml,3087028_3087066,EQ-Oil & Gas exploration Fund,_DATAMEMBER_,_DATAMEMBER_,_DATAMEMBER_,_DATAMEMBER_,_DATAMEMBER_,_DATAMEMBER_,_DATAMEMBER_,_DATAMEMBER_,_DATAMEMBER_,_DATAMEMBER_,PBF Energy Ord Shs Class A,_DATAMEMBER_,_DATAMEMBER_,_DATAMEMBER_,_DATAMEMBER_,_DATAMEMBER_,_DATAMEMBER_,_DATAMEMBER_,_DATAMEMBER_,_DATAMEMBER_,_DATAMEMBER_,6,2024-09-02
EQ-Oil & Gas exploration Fund,3087028_3087047,"MemberUniqueName{id='3087028_3087047', name='EOG Resources Ord Shs'}","MemberUniqueName{id='3087028_3087047', name='EOG Resources Ord Shs'}",3087028_3087047,35934.73768,false,false,false,false,false,false,N/A,N/A,N/A,portfolio,0.0,NaN,N/A,N/A,N/A,N/A,N/A,2024-11-20,2024-11-20T10:55:27.362539800,Test blend-202112310 - Copy.xml,3087028_3087047,EQ-Oil & Gas exploration Fund,_DATAMEMBER_,_DATAMEMBER_,_DATAMEMBER_,_DATAMEMBER_,_DATAMEMBER_,_DATAMEMBER_,_DATAMEMBER_,_DATAMEMBER_,_DATAMEMBER_,_DATAMEMBER_,EOG Resources Ord Shs,_DATAMEMBER_,_DATAMEMBER_,_DATAMEMBER_,_DATAMEMBER_,_DATAMEMBER_,_DATAMEMBER_,_DATAMEMBER_,_DATAMEMBER_,_DATAMEMBER_,_DATAMEMBER_,6,2024-09-02
EQ-Oil & Gas exploration Fund,3087028_3087034,"MemberUniqueName{id='3087028_3087034', name='CVR Energy Ord Shs'}","MemberUniqueName{id='3087028_3087034', name='CVR Energy Ord Shs'}",3087028_3087034,40651.97678,false,false,false,false,false,false,N/A,N/A,N/A,portfolio,0.0,NaN,N/A,N/A,N/A,N/A,N/A,2024-11-20,2024-11-20T10:55:27.369542,Test blend-202112310 - Copy.xml,3087028_3087034,EQ-Oil & Gas exploration Fund,_DATAMEMBER_,_DATAMEMBER_,_DATAMEMBER_,_DATAMEMBER_,_DATAMEMBER_,_DATAMEMBER_,_DATAMEMBER_,_DATAMEMBER_,_DATAMEMBER_,_DATAMEMBER_,CVR Energy Ord Shs,_DATAMEMBER_,_DATAMEMBER_,_DATAMEMBER_,_DATAMEMBER_,_DATAMEMBER_,_DATAMEMBER_,_DATAMEMBER_,_DATAMEMBER_,_DATAMEMBER_,_DATAMEMBER_,14,2024-09-02
EQ-Oil & Gas exploration Fund,3087028_3087058,"MemberUniqueName{id='3087028_3087058', name='Marathon Petroleum Ord Shs'}","MemberUniqueName{id='3087028_3087058', name='Marathon Petroleum Ord Shs'}",3087028_3087058,48912.31374,false,false,false,false,false,false,N/A,N/A,N/A,portfolio,0.0,NaN,N/A,N/A,N/A,N/A,N/A,2024-11-20,2024-11-20T10:55:27.353030600,Test blend-202112310 - Copy.xml,3087028_3087058,EQ-Oil & Gas exploration Fund,_DATAMEMBER_,_DATAMEMBER_,_DATAMEMBER_,_DATAMEMBER_,_DATAMEMBER_,_DATAMEMBER_,_DATAMEMBER_,_DATAMEMBER_,_DATAMEMBER_,_DATAMEMBER_,Marathon Petroleum Ord Shs,_DATAMEMBER_,_DATAMEMBER_,_DATAMEMBER_,_DATAMEMBER_,_DATAMEMBER_,_DATAMEMBER_,_DATAMEMBER_,_DATAMEMBER_,_DATAMEMBER_,_DATAMEMBER_,14,2024-09-02
EQ-Oil & Gas exploration Fund,3087028_3087030,"MemberUniqueName{id='3087028_3087030', name='APA Ord Shs'}","MemberUniqueName{id='3087028_3087030', name='APA Ord Shs'}",3087028_3087030,132611.8303,false,false,false,false,false,false,N/A,N/A,N/A,portfolio,0.0,NaN,N/A,N/A,N/A,N/A,N/A,2024-11-20,2024-11-20T10:55:27.371540,Test blend-202112310 - Copy.xml,3087028_3087030,EQ-Oil & Gas exploration Fund,_DATAMEMBER_,_DATAMEMBER_,_DATAMEMBER_,_DATAMEMBER_,_DATAMEMBER_,_DATAMEMBER_,_DATAMEMBER_,_DATAMEMBER_,_DATAMEMBER_,_DATAMEMBER_,APA Ord Shs,_DATAMEMBER_,_DATAMEMBER_,_DATAMEMBER_,_DATAMEMBER_,_DATAMEMBER_,_DATAMEMBER_,_DATAMEMBER_,_DATAMEMBER_,_DATAMEMBER_,_DATAMEMBER_,19,2024-09-02
EQ-Oil & Gas exploration Fund,3087028_3087054,"MemberUniqueName{id='3087028_3087054', name='Kosmos Energy Ord Shs'}","MemberUniqueName{id='3087028_3087054', name='Kosmos Energy Ord Shs'}",3087028_3087054,338565.1622,false,false,false,false,false,false,N/A,N/A,N/A,portfolio,0.0,NaN,N/A,N/A,N/A,N/A,N/A,2024-11-20,2024-11-20T10:55:27.356539900,Test blend-202112310 - Copy.xml,3087028_3087054,EQ-Oil & Gas exploration Fund,_DATAMEMBER_,_DATAMEMBER_,_DATAMEMBER_,_DATAMEMBER_,_DATAMEMBER_,_DATAMEMBER_,_DATAMEMBER_,_DATAMEMBER_,_DATAMEMBER_,_DATAMEMBER_,Kosmos Energy Ord Shs,_DATAMEMBER_,_DATAMEMBER_,_DATAMEMBER_,_DATAMEMBER_,_DATAMEMBER_,_DATAMEMBER_,_DATAMEMBER_,_DATAMEMBER_,_DATAMEMBER_,_DATAMEMBER_,19,2024-09-02
EQ-Oil & Gas exploration Fund,3087028_3087046,"MemberUniqueName{id='3087028_3087046', name='Diamondback Energy Ord Shs'}","MemberUniqueName{id='3087028_3087046', name='Diamondback Energy Ord Shs'}",3087028_3087046,34832.38283,false,false,false,false,false,false,N/A,N/A,N/A,portfolio,0.0,NaN,N/A,N/A,N/A,N/A,N/A,2024-11-20,2024-11-20T10:55:27.363540800,Test blend-202112310 - Copy.xml,3087028_3087046,EQ-Oil & Gas exploration Fund,_DATAMEMBER_,_DATAMEMBER_,_DATAMEMBER_,_DATAMEMBER_,_DATAMEMBER_,_DATAMEMBER_,_DATAMEMBER_,_DATAMEMBER_,_DATAMEMBER_,_DATAMEMBER_,Diamondback Energy Ord Shs,_DATAMEMBER_,_DATAMEMBER_,_DATAMEMBER_,_DATAMEMBER_,_DATAMEMBER_,_DATAMEMBER_,_DATAMEMBER_,_DATAMEMBER_,_DATAMEMBER_,_DATAMEMBER_,19,2024-09-02
EQ-Oil & Gas exploration Fund,3087028_3087072,"MemberUniqueName{id='3087028_3087072', name='Range Resources Ord Shs'}","MemberUniqueName{id='3087028_3087072', name='Range Resources Ord Shs'}",3087028_3087072,176531.296,false,false,false,false,false,false,N/A,N/A,N/A,portfolio,0.0,NaN,N/A,N/A,N/A,N/A,N/A,2024-11-20,2024-11-20T10:55:27.341030200,Test blend-202112310 - Copy.xml,3087028_3087072,EQ-Oil & Gas exploration Fund,_DATAMEMBER_,_DATAMEMBER_,_DATAMEMBER_,_DATAMEMBER_,_DATAMEMBER_,_DATAMEMBER_,_DATAMEMBER_,_DATAMEMBER_,_DATAMEMBER_,_DATAMEMBER_,Range Resources Ord Shs,_DATAMEMBER_,_DATAMEMBER_,_DATAMEMBER_,_DATAMEMBER_,_DATAMEMBER_,_DATAMEMBER_,_DATAMEMBER_,_DATAMEMBER_,_DATAMEMBER_,_DATAMEMBER_,19,2024-09-02
EQ-Oil & Gas exploration Fund,3087028_3087059,"MemberUniqueName{id='3087028_3087059', name='Matador Resources Ord Shs'}","MemberUniqueName{id='3087028_3087059', name='Matador Resources Ord Shs'}",3087028_3087059,74208.62189,false,false,false,false,false,false,N/A,N/A,N/A,portfolio,0.0,NaN,N/A,N/A,N/A,N/A,N/A,2024-11-20,2024-11-20T10:55:27.352029900,Test blend-202112310 - Copy.xml,3087028_3087059,EQ-Oil & Gas exploration Fund,_DATAMEMBER_,_DATAMEMBER_,_DATAMEMBER_,_DATAMEMBER_,_DATAMEMBER_,_DATAMEMBER_,_DATAMEMBER_,_DATAMEMBER_,_DATAMEMBER_,_DATAMEMBER_,Matador Resources Ord Shs,_DATAMEMBER_,_DATAMEMBER_,_DATAMEMBER_,_DATAMEMBER_,_DATAMEMBER_,_DATAMEMBER_,_DATAMEMBER_,_DATAMEMBER_,_DATAMEMBER_,_DATAMEMBER_,13,2024-09-02
EQ-Oil & Gas exploration Fund,3087028_3087035,"MemberUniqueName{id='3087028_3087035', name='Cabot Oil & Gas Ord Shs'}","MemberUniqueName{id='3087028_3087035', name='Cabot Oil & Gas Ord Shs'}",3087028_3087035,166964.2096,false,false,false,false,false,false,N/A,N/A,N/A,portfolio,0.0,NaN,N/A,N/A,N/A,N/A,N/A,2024-11-20,2024-11-20T10:55:27.368539,Test blend-202112310 - Copy.xml,3087028_3087035,EQ-Oil & Gas exploration Fund,_DATAMEMBER_,_DATAMEMBER_,_DATAMEMBER_,_DATAMEMBER_,_DATAMEMBER_,_DATAMEMBER_,_DATAMEMBER_,_DATAMEMBER_,_DATAMEMBER_,_DATAMEMBER_,Cabot Oil & Gas Ord Shs,_DATAMEMBER_,_DATAMEMBER_,_DATAMEMBER_,_DATAMEMBER_,_DATAMEMBER_,_DATAMEMBER_,_DATAMEMBER_,_DATAMEMBER_,_DATAMEMBER_,_DATAMEMBER_,13,2024-09-02
EQ-Oil & Gas exploration Fund,3087028_3087077,"MemberUniqueName{id='3087028_3087077', name='Tellurian Ord Shs'}","MemberUniqueName{id='3087028_3087077', name='Tellurian Ord Shs'}",3087028_3087077,246091.6703,false,false,false,false,false,false,N/A,N/A,N/A,portfolio,0.0,NaN,N/A,N/A,N/A,N/A,N/A,2024-11-20,2024-11-20T10:55:27.335025900,Test blend-202112310 - Copy.xml,3087028_3087077,EQ-Oil & Gas exploration Fund,_DATAMEMBER_,_DATAMEMBER_,_DATAMEMBER_,_DATAMEMBER_,_DATAMEMBER_,_DATAMEMBER_,_DATAMEMBER_,_DATAMEMBER_,_DATAMEMBER_,_DATAMEMBER_,Tellurian Ord Shs,_DATAMEMBER_,_DATAMEMBER_,_DATAMEMBER_,_DATAMEMBER_,_DATAMEMBER_,_DATAMEMBER_,_DATAMEMBER_,_DATAMEMBER_,_DATAMEMBER_,_DATAMEMBER_,13,2024-09-02
EQ-Oil & Gas exploration Fund,3087028_3087060,"MemberUniqueName{id='3087028_3087060', name='Murphy Oil Ord Shs'}","MemberUniqueName{id='3087028_3087060', name='Murphy Oil Ord Shs'}",3087028_3087060,126483.1425,false,false,false,false,false,false,N/A,N/A,N/A,portfolio,0.0,NaN,N/A,N/A,N/A,N/A,N/A,2024-11-20,2024-11-20T10:55:27.352029900,Test blend-202112310 - Copy.xml,3087028_3087060,EQ-Oil & Gas exploration Fund,_DATAMEMBER_,_DATAMEMBER_,_DATAMEMBER_,_DATAMEMBER_,_DATAMEMBER_,_DATAMEMBER_,_DATAMEMBER_,_DATAMEMBER_,_DATAMEMBER_,_DATAMEMBER_,Murphy Oil Ord Shs,_DATAMEMBER_,_DATAMEMBER_,_DATAMEMBER_,_DATAMEMBER_,_DATAMEMBER_,_DATAMEMBER_,_DATAMEMBER_,_DATAMEMBER_,_DATAMEMBER_,_DATAMEMBER_,12,2024-09-02
EQ-Oil & Gas exploration Fund,3087028_3087078,"MemberUniqueName{id='3087028_3087078', name='Valero Energy Ord Shs'}","MemberUniqueName{id='3087028_3087078', name='Valero Energy Ord Shs'}",3087028_3087078,37803.68139,false,false,false,false,false,false,N/A,N/A,N/A,portfolio,0.0,NaN,N/A,N/A,N/A,N/A,N/A,2024-11-20,2024-11-20T10:55:27.334026800,Test blend-202112310 - Copy.xml,3087028_3087078,EQ-Oil & Gas exploration Fund,_DATAMEMBER_,_DATAMEMBER_,_DATAMEMBER_,_DATAMEMBER_,_DATAMEMBER_,_DATAMEMBER_,_DATAMEMBER_,_DATAMEMBER_,_DATAMEMBER_,_DATAMEMBER_,Valero Energy Ord Shs,_DATAMEMBER_,_DATAMEMBER_,_DATAMEMBER_,_DATAMEMBER_,_DATAMEMBER_,_DATAMEMBER_,_DATAMEMBER_,_DATAMEMBER_,_DATAMEMBER_,_DATAMEMBER_,12,2024-09-02
EQ-Oil & Gas exploration Fund,3087028_3087051,"MemberUniqueName{id='3087028_3087051', name='Green Plains Ord Shs'}","MemberUniqueName{id='3087028_3087051', name='Green Plains Ord Shs'}",3087028_3087051,50016.84857,false,false,false,false,false,false,N/A,N/A,N/A,portfolio,0.0,NaN,N/A,N/A,N/A,N/A,N/A,2024-11-20,2024-11-20T10:55:27.359539400,Test blend-202112310 - Copy.xml,3087028_3087051,EQ-Oil & Gas exploration Fund,_DATAMEMBER_,_DATAMEMBER_,_DATAMEMBER_,_DATAMEMBER_,_DATAMEMBER_,_DATAMEMBER_,_DATAMEMBER_,_DATAMEMBER_,_DATAMEMBER_,_DATAMEMBER_,Green Plains Ord Shs,_DATAMEMBER_,_DATAMEMBER_,_DATAMEMBER_,_DATAMEMBER_,_DATAMEMBER_,_DATAMEMBER_,_DATAMEMBER_,_DATAMEMBER_,_DATAMEMBER_,_DATAMEMBER_,2,2024-09-02
EQ-Oil & Gas exploration Fund,3087028_3087043,"MemberUniqueName{id='3087028_3087043', name='Delek US Holdings Ord Shs'}","MemberUniqueName{id='3087028_3087043', name='Delek US Holdings Ord Shs'}",3087028_3087043,43899.84032,false,false,false,false,false,false,N/A,N/A,N/A,portfolio,0.0,NaN,N/A,N/A,N/A,N/A,N/A,2024-11-20,2024-11-20T10:55:27.364539500,Test blend-202112310 - Copy.xml,3087028_3087043,EQ-Oil & Gas exploration Fund,_DATAMEMBER_,_DATAMEMBER_,_DATAMEMBER_,_DATAMEMBER_,_DATAMEMBER_,_DATAMEMBER_,_DATAMEMBER_,_DATAMEMBER_,_DATAMEMBER_,_DATAMEMBER_,Delek US Holdings Ord Shs,_DATAMEMBER_,_DATAMEMBER_,_DATAMEMBER_,_DATAMEMBER_,_DATAMEMBER_,_DATAMEMBER_,_DATAMEMBER_,_DATAMEMBER_,_DATAMEMBER_,_DATAMEMBER_,2,2024-09-02
EQ-Oil & Gas exploration Fund,3087028_3087069,"MemberUniqueName{id='3087028_3087069', name='Phillips 66 Ord Shs'}","MemberUniqueName{id='3087028_3087069', name='Phillips 66 Ord Shs'}",3087028_3087069,33766.61275,false,false,false,false,false,false,N/A,N/A,N/A,portfolio,0.0,NaN,N/A,N/A,N/A,N/A,N/A,2024-11-20,2024-11-20T10:55:27.345030100,Test blend-202112310 - Copy.xml,3087028_3087069,EQ-Oil & Gas exploration Fund,_DATAMEMBER_,_DATAMEMBER_,_DATAMEMBER_,_DATAMEMBER_,_DATAMEMBER_,_DATAMEMBER_,_DATAMEMBER_,_DATAMEMBER_,_DATAMEMBER_,_DATAMEMBER_,Phillips 66 Ord Shs,_DATAMEMBER_,_DATAMEMBER_,_DATAMEMBER_,_DATAMEMBER_,_DATAMEMBER_,_DATAMEMBER_,_DATAMEMBER_,_DATAMEMBER_,_DATAMEMBER_,_DATAMEMBER_,2,2024-09-02
EQ-Oil & Gas exploration Fund,3087028_3087036,"MemberUniqueName{id='3087028_3087036', name='Callon Petroleum Ord Shs'}","MemberUniqueName{id='3087028_3087036', name='Callon Petroleum Ord Shs'}",3087028_3087036,60404.45347,false,false,false,false,false,false,N/A,N/A,N/A,portfolio,0.0,NaN,N/A,N/A,N/A,N/A,N/A,2024-11-20,2024-11-20T10:55:27.367540400,Test blend-202112310 - Copy.xml,3087028_3087036,EQ-Oil & Gas exploration Fund,_DATAMEMBER_,_DATAMEMBER_,_DATAMEMBER_,_DATAMEMBER_,_DATAMEMBER_,_DATAMEMBER_,_DATAMEMBER_,_DATAMEMBER_,_DATAMEMBER_,_DATAMEMBER_,Callon Petroleum Ord Shs,_DATAMEMBER_,_DATAMEMBER_,_DATAMEMBER_,_DATAMEMBER_,_DATAMEMBER_,_DATAMEMBER_,_DATAMEMBER_,_DATAMEMBER_,_DATAMEMBER_,_DATAMEMBER_,0,2024-09-02
EQ-Oil & Gas exploration Fund,3087028_3087070,"MemberUniqueName{id='3087028_3087070', name='Pioneer Natural Resource Ord Shs'}","MemberUniqueName{id='3087028_3087070', name='Pioneer Natural Resource Ord Shs'}",3087028_3087070,18620.90359,false,false,false,false,false,false,N/A,N/A,N/A,portfolio,0.0,NaN,N/A,N/A,N/A,N/A,N/A,2024-11-20,2024-11-20T10:55:27.343029500,Test blend-202112310 - Copy.xml,3087028_3087070,EQ-Oil & Gas exploration Fund,_DATAMEMBER_,_DATAMEMBER_,_DATAMEMBER_,_DATAMEMBER_,_DATAMEMBER_,_DATAMEMBER_,_DATAMEMBER_,_DATAMEMBER_,_DATAMEMBER_,_DATAMEMBER_,Pioneer Natural Resource Ord Shs,_DATAMEMBER_,_DATAMEMBER_,_DATAMEMBER_,_DATAMEMBER_,_DATAMEMBER_,_DATAMEMBER_,_DATAMEMBER_,_DATAMEMBER_,_DATAMEMBER_,_DATAMEMBER_,0,2024-09-02
EQ-Oil & Gas exploration Fund,3087028_3087075,"MemberUniqueName{id='3087028_3087075', name='Southwestern Energy Ord Shs'}","MemberUniqueName{id='3087028_3087075', name='Southwestern Energy Ord Shs'}",3087028_3087075,512933.3432,false,false,false,false,false,false,N/A,N/A,N/A,portfolio,0.0,NaN,N/A,N/A,N/A,N/A,N/A,2024-11-20,2024-11-20T10:55:27.337026200,Test blend-202112310 - Copy.xml,3087028_3087075,EQ-Oil & Gas exploration Fund,_DATAMEMBER_,_DATAMEMBER_,_DATAMEMBER_,_DATAMEMBER_,_DATAMEMBER_,_DATAMEMBER_,_DATAMEMBER_,_DATAMEMBER_,_DATAMEMBER_,_DATAMEMBER_,Southwestern Energy Ord Shs,_DATAMEMBER_,_DATAMEMBER_,_DATAMEMBER_,_DATAMEMBER_,_DATAMEMBER_,_DATAMEMBER_,_DATAMEMBER_,_DATAMEMBER_,_DATAMEMBER_,_DATAMEMBER_,0,2024-09-02
EQ-Oil & Gas exploration Fund,3087028_3087071,"MemberUniqueName{id='3087028_3087071', name='REX American Resources Ord Shs'}","MemberUniqueName{id='3087028_3087071', name='REX American Resources Ord Shs'}",3087028_3087071,1124.306218,false,false,false,false,false,false,N/A,N/A,N/A,portfolio,0.0,NaN,N/A,N/A,N/A,N/A,N/A,2024-11-20,2024-11-20T10:55:27.343029500,Test blend-202112310 - Copy.xml,3087028_3087071,EQ-Oil & Gas exploration Fund,_DATAMEMBER_,_DATAMEMBER_,_DATAMEMBER_,_DATAMEMBER_,_DATAMEMBER_,_DATAMEMBER_,_DATAMEMBER_,_DATAMEMBER_,_DATAMEMBER_,_DATAMEMBER_,REX American Resources Ord Shs,_DATAMEMBER_,_DATAMEMBER_,_DATAMEMBER_,_DATAMEMBER_,_DATAMEMBER_,_DATAMEMBER_,_DATAMEMBER_,_DATAMEMBER_,_DATAMEMBER_,_DATAMEMBER_,0,2024-09-02
EQ-Oil & Gas exploration Fund,3087028_3087045,"MemberUniqueName{id='3087028_3087045', name='Devon Energy Ord Shs'}","MemberUniqueName{id='3087028_3087045', name='Devon Energy Ord Shs'}",3087028_3087045,102564.643,false,false,false,false,false,false,N/A,N/A,N/A,portfolio,0.0,NaN,N/A,N/A,N/A,N/A,N/A,2024-11-20,2024-11-20T10:55:27.363540800,Test blend-202112310 - Copy.xml,3087028_3087045,EQ-Oil & Gas exploration Fund,_DATAMEMBER_,_DATAMEMBER_,_DATAMEMBER_,_DATAMEMBER_,_DATAMEMBER_,_DATAMEMBER_,_DATAMEMBER_,_DATAMEMBER_,_DATAMEMBER_,_DATAMEMBER_,Devon Energy Ord Shs,_DATAMEMBER_,_DATAMEMBER_,_DATAMEMBER_,_DATAMEMBER_,_DATAMEMBER_,_DATAMEMBER_,_DATAMEMBER_,_DATAMEMBER_,_DATAMEMBER_,_DATAMEMBER_,0,2024-09-02
EQ-Oil & Gas exploration Fund,3087028_3087044,"MemberUniqueName{id='3087028_3087044', name='Denbury Ord Shs'}","MemberUniqueName{id='3087028_3087044', name='Denbury Ord Shs'}",3087028_3087044,32559.01282,false,false,false,false,false,false,N/A,N/A,N/A,portfolio,0.0,NaN,N/A,N/A,N/A,N/A,N/A,2024-11-20,2024-11-20T10:55:27.363540800,Test blend-202112310 - Copy.xml,3087028_3087044,EQ-Oil & Gas exploration Fund,_DATAMEMBER_,_DATAMEMBER_,_DATAMEMBER_,_DATAMEMBER_,_DATAMEMBER_,_DATAMEMBER_,_DATAMEMBER_,_DATAMEMBER_,_DATAMEMBER_,_DATAMEMBER_,Denbury Ord Shs,_DATAMEMBER_,_DATAMEMBER_,_DATAMEMBER_,_DATAMEMBER_,_DATAMEMBER_,_DATAMEMBER_,_DATAMEMBER_,_DATAMEMBER_,_DATAMEMBER_,_DATAMEMBER_,0,2024-09-02
EQ-Oil & Gas exploration Fund,3087028_3087067,"MemberUniqueName{id='3087028_3087067', name='PDC Energy Ord Shs'}","MemberUniqueName{id='3087028_3087067', name='PDC Energy Ord Shs'}",3087028_3087067,40225.52897,false,false,false,false,false,false,N/A,N/A,N/A,portfolio,0.0,NaN,N/A,N/A,N/A,N/A,N/A,2024-11-20,2024-11-20T10:55:27.346030100,Test blend-202112310 - Copy.xml,3087028_3087067,EQ-Oil & Gas exploration Fund,_DATAMEMBER_,_DATAMEMBER_,_DATAMEMBER_,_DATAMEMBER_,_DATAMEMBER_,_DATAMEMBER_,_DATAMEMBER_,_DATAMEMBER_,_DATAMEMBER_,_DATAMEMBER_,PDC Energy Ord Shs,_DATAMEMBER_,_DATAMEMBER_,_DATAMEMBER_,_DATAMEMBER_,_DATAMEMBER_,_DATAMEMBER_,_DATAMEMBER_,_DATAMEMBER_,_DATAMEMBER_,_DATAMEMBER_,0,2024-09-02
EQ-Oil & Gas exploration Fund,3087028_3087033,"MemberUniqueName{id='3087028_3087033', name='Brigham Minerals Ord Shs Class A'}","MemberUniqueName{id='3087028_3087033', name='Brigham Minerals Ord Shs Class A'}",3087028_3087033,15174.714,false,false,false,false,false,false,N/A,N/A,N/A,portfolio,0.0,NaN,N/A,N/A,N/A,N/A,N/A,2024-11-20,2024-11-20T10:55:27.369542,Test blend-202112310 - Copy.xml,3087028_3087033,EQ-Oil & Gas exploration Fund,_DATAMEMBER_,_DATAMEMBER_,_DATAMEMBER_,_DATAMEMBER_,_DATAMEMBER_,_DATAMEMBER_,_DATAMEMBER_,_DATAMEMBER_,_DATAMEMBER_,_DATAMEMBER_,Brigham Minerals Ord Shs Class A,_DATAMEMBER_,_DATAMEMBER_,_DATAMEMBER_,_DATAMEMBER_,_DATAMEMBER_,_DATAMEMBER_,_DATAMEMBER_,_DATAMEMBER_,_DATAMEMBER_,_DATAMEMBER_,0,2024-09-02
EQ-Oil & Gas exploration Fund,3087028_3087053,"MemberUniqueName{id='3087028_3087053', name='HollyFrontier Ord Shs'}","MemberUniqueName{id='3087028_3087053', name='HollyFrontier Ord Shs'}",3087028_3087053,88451.59246,false,false,false,false,false,false,N/A,N/A,N/A,portfolio,0.0,NaN,N/A,N/A,N/A,N/A,N/A,2024-11-20,2024-11-20T10:55:27.357539500,Test blend-202112310 - Copy.xml,3087028_3087053,EQ-Oil & Gas exploration Fund,_DATAMEMBER_,_DATAMEMBER_,_DATAMEMBER_,_DATAMEMBER_,_DATAMEMBER_,_DATAMEMBER_,_DATAMEMBER_,_DATAMEMBER_,_DATAMEMBER_,_DATAMEMBER_,HollyFrontier Ord Shs,_DATAMEMBER_,_DATAMEMBER_,_DATAMEMBER_,_DATAMEMBER_,_DATAMEMBER_,_DATAMEMBER_,_DATAMEMBER_,_DATAMEMBER_,_DATAMEMBER_,_DATAMEMBER_,0,2024-09-02
EQ-Oil & Gas exploration Fund,3087028_3087042,"MemberUniqueName{id='3087028_3087042', name='Continental Resources Ord Shs'}","MemberUniqueName{id='3087028_3087042', name='Continental Resources Ord Shs'}",3087028_3087042,83677.99178,false,false,false,false,false,false,N/A,N/A,N/A,portfolio,0.0,NaN,N/A,N/A,N/A,N/A,N/A,2024-11-20,2024-11-20T10:55:27.364539500,Test blend-202112310 - Copy.xml,3087028_3087042,EQ-Oil & Gas exploration Fund,_DATAMEMBER_,_DATAMEMBER_,_DATAMEMBER_,_DATAMEMBER_,_DATAMEMBER_,_DATAMEMBER_,_DATAMEMBER_,_DATAMEMBER_,_DATAMEMBER_,_DATAMEMBER_,Continental Resources Ord Shs,_DATAMEMBER_,_DATAMEMBER_,_DATAMEMBER_,_DATAMEMBER_,_DATAMEMBER_,_DATAMEMBER_,_DATAMEMBER_,_DATAMEMBER_,_DATAMEMBER_,_DATAMEMBER_,0,2024-09-02
EQ-Oil & Gas exploration Fund,3087028_3087037,"MemberUniqueName{id='3087028_3087037', name='Centennial Resource Development Ord Shs Class A'}","MemberUniqueName{id='3087028_3087037', name='Centennial Resource Development Ord Shs Class A'}",3087028_3087037,311425.8017,false,false,false,false,false,false,N/A,N/A,N/A,portfolio,0.0,NaN,N/A,N/A,N/A,N/A,N/A,2024-11-20,2024-11-20T10:55:27.367540400,Test blend-202112310 - Copy.xml,3087028_3087037,EQ-Oil & Gas exploration Fund,_DATAMEMBER_,_DATAMEMBER_,_DATAMEMBER_,_DATAMEMBER_,_DATAMEMBER_,_DATAMEMBER_,_DATAMEMBER_,_DATAMEMBER_,_DATAMEMBER_,_DATAMEMBER_,Centennial Resource Development Ord Shs Class A,_DATAMEMBER_,_DATAMEMBER_,_DATAMEMBER_,_DATAMEMBER_,_DATAMEMBER_,_DATAMEMBER_,_DATAMEMBER_,_DATAMEMBER_,_DATAMEMBER_,_DATAMEMBER_,0,2024-09-02
EQ-Oil & Gas exploration Fund,3087028_3087055,"MemberUniqueName{id='3087028_3087055', name='Laredo Petroleum Ord Shs'}","MemberUniqueName{id='3087028_3087055', name='Laredo Petroleum Ord Shs'}",3087028_3087055,16019.87618,false,false,false,false,false,false,N/A,N/A,N/A,portfolio,0.0,NaN,N/A,N/A,N/A,N/A,N/A,2024-11-20,2024-11-20T10:55:27.355540100,Test blend-202112310 - Copy.xml,3087028_3087055,EQ-Oil & Gas exploration Fund,_DATAMEMBER_,_DATAMEMBER_,_DATAMEMBER_,_DATAMEMBER_,_DATAMEMBER_,_DATAMEMBER_,_DATAMEMBER_,_DATAMEMBER_,_DATAMEMBER_,_DATAMEMBER_,Laredo Petroleum Ord Shs,_DATAMEMBER_,_DATAMEMBER_,_DATAMEMBER_,_DATAMEMBER_,_DATAMEMBER_,_DATAMEMBER_,_DATAMEMBER_,_DATAMEMBER_,_DATAMEMBER_,_DATAMEMBER_,18,2024-09-02
EQ-Oil & Gas exploration Fund,3087028_3087073,"MemberUniqueName{id='3087028_3087073', name='Renewable Energy Ord Shs'}","MemberUniqueName{id='3087028_3087073', name='Renewable Energy Ord Shs'}",3087028_3087073,46715.32563,false,false,false,false,false,false,N/A,N/A,N/A,portfolio,0.0,NaN,N/A,N/A,N/A,N/A,N/A,2024-11-20,2024-11-20T10:55:27.340030500,Test blend-202112310 - Copy.xml,3087028_3087073,EQ-Oil & Gas exploration Fund,_DATAMEMBER_,_DATAMEMBER_,_DATAMEMBER_,_DATAMEMBER_,_DATAMEMBER_,_DATAMEMBER_,_DATAMEMBER_,_DATAMEMBER_,_DATAMEMBER_,_DATAMEMBER_,Renewable Energy Ord Shs,_DATAMEMBER_,_DATAMEMBER_,_DATAMEMBER_,_DATAMEMBER_,_DATAMEMBER_,_DATAMEMBER_,_DATAMEMBER_,_DATAMEMBER_,_DATAMEMBER_,_DATAMEMBER_,18,2024-09-02
EQ-Oil & Gas exploration Fund,3087028_3087031,"MemberUniqueName{id='3087028_3087031', name='Alto Ingredients Ord Shs'}","MemberUniqueName{id='3087028_3087031', name='Alto Ingredients Ord Shs'}",3087028_3087031,174211.0948,false,false,false,false,false,false,N/A,N/A,N/A,portfolio,0.0,NaN,N/A,N/A,N/A,N/A,N/A,2024-11-20,2024-11-20T10:55:27.371540,Test blend-202112310 - Copy.xml,3087028_3087031,EQ-Oil & Gas exploration Fund,_DATAMEMBER_,_DATAMEMBER_,_DATAMEMBER_,_DATAMEMBER_,_DATAMEMBER_,_DATAMEMBER_,_DATAMEMBER_,_DATAMEMBER_,_DATAMEMBER_,_DATAMEMBER_,Alto Ingredients Ord Shs,_DATAMEMBER_,_DATAMEMBER_,_DATAMEMBER_,_DATAMEMBER_,_DATAMEMBER_,_DATAMEMBER_,_DATAMEMBER_,_DATAMEMBER_,_DATAMEMBER_,_DATAMEMBER_,18,2024-09-02
EQ-Oil & Gas exploration Fund,3087028_3087079,"MemberUniqueName{id='3087028_3087079', name='Whiting Petroleum Ord Shs'}","MemberUniqueName{id='3087028_3087079', name='Whiting Petroleum Ord Shs'}",3087028_3087079,28970.47521,false,false,false,false,false,false,N/A,N/A,N/A,portfolio,0.0,NaN,N/A,N/A,N/A,N/A,N/A,2024-11-20,2024-11-20T10:55:27.332026700,Test blend-202112310 - Copy.xml,3087028_3087079,EQ-Oil & Gas exploration Fund,_DATAMEMBER_,_DATAMEMBER_,_DATAMEMBER_,_DATAMEMBER_,_DATAMEMBER_,_DATAMEMBER_,_DATAMEMBER_,_DATAMEMBER_,_DATAMEMBER_,_DATAMEMBER_,Whiting Petroleum Ord Shs,_DATAMEMBER_,_DATAMEMBER_,_DATAMEMBER_,_DATAMEMBER_,_DATAMEMBER_,_DATAMEMBER_,_DATAMEMBER_,_DATAMEMBER_,_DATAMEMBER_,_DATAMEMBER_,11,2024-09-02
EQ-Oil & Gas exploration Fund,3087028_3087061,"MemberUniqueName{id='3087028_3087061', name='New Fortress Energy Ord Shs Class A'}","MemberUniqueName{id='3087028_3087061', name='New Fortress Energy Ord Shs Class A'}",3087028_3087061,29959.26448,false,false,false,false,false,false,N/A,N/A,N/A,portfolio,0.0,NaN,N/A,N/A,N/A,N/A,N/A,2024-11-20,2024-11-20T10:55:27.351031100,Test blend-202112310 - Copy.xml,3087028_3087061,EQ-Oil & Gas exploration Fund,_DATAMEMBER_,_DATAMEMBER_,_DATAMEMBER_,_DATAMEMBER_,_DATAMEMBER_,_DATAMEMBER_,_DATAMEMBER_,_DATAMEMBER_,_DATAMEMBER_,_DATAMEMBER_,New Fortress Energy Ord Shs Class A,_DATAMEMBER_,_DATAMEMBER_,_DATAMEMBER_,_DATAMEMBER_,_DATAMEMBER_,_DATAMEMBER_,_DATAMEMBER_,_DATAMEMBER_,_DATAMEMBER_,_DATAMEMBER_,11,2024-09-02
EQ-Oil & Gas exploration Fund,3087028_3087052,"MemberUniqueName{id='3087028_3087052', name='Hess Ord Shs'}","MemberUniqueName{id='3087028_3087052', name='Hess Ord Shs'}",3087028_3087052,33972.76717,false,false,false,false,false,false,N/A,N/A,N/A,portfolio,0.0,NaN,N/A,N/A,N/A,N/A,N/A,2024-11-20,2024-11-20T10:55:27.358539600,Test blend-202112310 - Copy.xml,3087028_3087052,EQ-Oil & Gas exploration Fund,_DATAMEMBER_,_DATAMEMBER_,_DATAMEMBER_,_DATAMEMBER_,_DATAMEMBER_,_DATAMEMBER_,_DATAMEMBER_,_DATAMEMBER_,_DATAMEMBER_,_DATAMEMBER_,Hess Ord Shs,_DATAMEMBER_,_DATAMEMBER_,_DATAMEMBER_,_DATAMEMBER_,_DATAMEMBER_,_DATAMEMBER_,_DATAMEMBER_,_DATAMEMBER_,_DATAMEMBER_,_DATAMEMBER_,1,2024-09-02
EQ-Oil & Gas exploration Fund,3087028_3087049,"MemberUniqueName{id='3087028_3087049', name='Exxon Mobil Ord Shs'}","MemberUniqueName{id='3087028_3087049', name='Exxon Mobil Ord Shs'}",3087028_3087049,49588.43495,false,false,false,false,false,false,N/A,N/A,N/A,portfolio,0.0,NaN,N/A,N/A,N/A,N/A,N/A,2024-11-20,2024-11-20T10:55:27.360539900,Test blend-202112310 - Copy.xml,3087028_3087049,EQ-Oil & Gas exploration Fund,_DATAMEMBER_,_DATAMEMBER_,_DATAMEMBER_,_DATAMEMBER_,_DATAMEMBER_,_DATAMEMBER_,_DATAMEMBER_,_DATAMEMBER_,_DATAMEMBER_,_DATAMEMBER_,Exxon Mobil Ord Shs,_DATAMEMBER_,_DATAMEMBER_,_DATAMEMBER_,_DATAMEMBER_,_DATAMEMBER_,_DATAMEMBER_,_DATAMEMBER_,_DATAMEMBER_,_DATAMEMBER_,_DATAMEMBER_,4,2024-09-02
EQ-Oil & Gas exploration Fund,3087028_3087068,"MemberUniqueName{id='3087028_3087068', name='Par Pacific Holdings Ord Shs'}","MemberUniqueName{id='3087028_3087068', name='Par Pacific Holdings Ord Shs'}",3087028_3087068,21430.8238,false,false,false,false,false,false,N/A,N/A,N/A,portfolio,0.0,NaN,N/A,N/A,N/A,N/A,N/A,2024-11-20,2024-11-20T10:55:27.346030100,Test blend-202112310 - Copy.xml,3087028_3087068,EQ-Oil & Gas exploration Fund,_DATAMEMBER_,_DATAMEMBER_,_DATAMEMBER_,_DATAMEMBER_,_DATAMEMBER_,_DATAMEMBER_,_DATAMEMBER_,_DATAMEMBER_,_DATAMEMBER_,_DATAMEMBER_,Par Pacific Holdings Ord Shs,_DATAMEMBER_,_DATAMEMBER_,_DATAMEMBER_,_DATAMEMBER_,_DATAMEMBER_,_DATAMEMBER_,_DATAMEMBER_,_DATAMEMBER_,_DATAMEMBER_,_DATAMEMBER_,3,2024-09-02
EQ-Oil & Gas exploration Fund,3087028_3087050,"MemberUniqueName{id='3087028_3087050', name='Gevo Ord Shs'}","MemberUniqueName{id='3087028_3087050', name='Gevo Ord Shs'}",3087028_3087050,396642.1786,false,false,false,false,false,false,N/A,N/A,N/A,portfolio,0.0,NaN,N/A,N/A,N/A,N/A,N/A,2024-11-20,2024-11-20T10:55:27.360539900,Test blend-202112310 - Copy.xml,3087028_3087050,EQ-Oil & Gas exploration Fund,_DATAMEMBER_,_DATAMEMBER_,_DATAMEMBER_,_DATAMEMBER_,_DATAMEMBER_,_DATAMEMBER_,_DATAMEMBER_,_DATAMEMBER_,_DATAMEMBER_,_DATAMEMBER_,Gevo Ord Shs,_DATAMEMBER_,_DATAMEMBER_,_DATAMEMBER_,_DATAMEMBER_,_DATAMEMBER_,_DATAMEMBER_,_DATAMEMBER_,_DATAMEMBER_,_DATAMEMBER_,_DATAMEMBER_,3,2024-09-02
